repo,language,stars,url,ci_status,build_tool,is_buildable,primary_ci,first_buildable_sha,first_buildable_date
11ty/eleventy,JavaScript,19353,https://github.com/11ty/eleventy,SUCCESS,NPM/Yarn,True,GitHub Actions,4e97e017714f97025409af437fe0d17694dc6bb6,2024-12-30T17:40:28Z
2factorauth/twofactorauth,JavaScript,3446,https://github.com/2factorauth/twofactorauth,SUCCESS,NPM/Yarn,True,GitHub Actions,625d41b448fb2a28ba31bdd37b9e22892728a8e0,2024-12-30T00:29:01Z
Chalarangelo/30-seconds-of-code,JavaScript,126740,https://github.com/Chalarangelo/30-seconds-of-code,SUCCESS,NPM/Yarn,True,GitHub Actions,ff7dc22e816d276a2991d3f1c31c838c07b6eb08,2024-12-30T13:49:08Z
4ian/GDevelop,JavaScript,20336,https://github.com/4ian/GDevelop,SUCCESS,Unknown,False,GitHub Actions,e93b38fee4eb55a8770b57c7ec104846243ad10c,2024-12-27T13:08:06Z
serversideup/amplitudejs,JavaScript,4299,https://github.com/serversideup/amplitudejs,SUCCESS,NPM/Yarn,True,GitHub Actions,43be82ed1daa023275f4d59fbbc6d25865a2395c,2025-10-06T16:35:59Z
join-monster/join-monster,JavaScript,2700,https://github.com/join-monster/join-monster,SUCCESS,NPM/Yarn,True,GitHub Actions,1c32aed8bedb3e77251c85181d81bb38b95e34e8,2025-05-18T19:47:25Z
acornjs/acorn,JavaScript,11300,https://github.com/acornjs/acorn,SUCCESS,NPM/Yarn,True,GitHub Actions,3221fa54f9dea30338228b97210c4f1fd332652d,2024-12-29T21:22:04Z
adaltas/node-csv,JavaScript,4258,https://github.com/adaltas/node-csv,FAILURE,NPM/Yarn,True,GitHub Actions,c40c0d2114d7800cca8da2d685ad1e49bf4cc7eb,2025-05-09T07:01:47Z
Addepar/ember-table,JavaScript,1690,https://github.com/Addepar/ember-table,NO_CI,NPM/Yarn,True,GitHub Actions,0f2974fd695dbc770a9ee44f181ea4177b4f9e52,2025-07-02T17:05:35Z
addyosmani/critical,JavaScript,10180,https://github.com/addyosmani/critical,SUCCESS,NPM/Yarn,True,GitHub Actions,b326606aa9b207f6ebc43d6c6c43b3a6b14d62fd,2024-09-23T19:59:46Z
aframevr/aframe,JavaScript,17476,https://github.com/aframevr/aframe,NO_CI,NPM/Yarn,True,GitHub Actions,8275ba57b2a2c6cf9653462272a8f65dfbbd4742,2024-12-31T11:46:18Z
AlaSQL/alasql,JavaScript,7255,https://github.com/AlaSQL/alasql,SUCCESS,NPM/Yarn,True,GitHub Actions,6b3e3cb91e3fcfe2a19e1979f0d090b6ee976ada,2024-12-15T04:05:53Z
mongoosejs/mquery,JavaScript,481,https://github.com/mongoosejs/mquery,SUCCESS,NPM/Yarn,True,GitHub Actions,7deaea69ced0ade2b99175063b53ee67651eb6a2,2025-09-09T14:18:10Z
aheckmann/regexp-clone,JavaScript,9,https://github.com/aheckmann/regexp-clone,NO_CI,NPM/Yarn,True,GitHub Actions,6f1f25930f111e1594d291192b53ab7e79de5635,2025-08-13T00:02:10Z
ai/nanoid,JavaScript,26593,https://github.com/ai/nanoid,SUCCESS,NPM/Yarn,True,GitHub Actions,56812196ee0c7c9f4e7941bdc56c07ed0aaf9461,2025-01-08T19:59:23Z
ai/size-limit,JavaScript,6877,https://github.com/ai/size-limit,SUCCESS,NPM/Yarn,True,GitHub Actions,6a492c7c25789cc26b66d697bf63fd68bf9b0f76,2025-01-08T10:50:27Z
ajaxorg/ace-builds,JavaScript,3091,https://github.com/ajaxorg/ace-builds,SUCCESS,NPM/Yarn,True,GitHub Actions,54bbe25da052f58ae8e1bbda72ed80c34758d0e2,2025-01-06T11:42:49Z
ajaxorg/ace,JavaScript,27130,https://github.com/ajaxorg/ace,SUCCESS,NPM/Yarn,True,GitHub Actions,e445aaf3ce7f8d307e8d43009174d7d7960a562d,2025-01-06T11:43:01Z
aksakalli/gtop,JavaScript,9900,https://github.com/aksakalli/gtop,SUCCESS,NPM/Yarn,True,GitHub Actions,ac6c2e11a683d41ae25c41912646d6b320285f8b,2025-11-06T13:55:02Z
Alex-D/Trumbowyg,JavaScript,4144,https://github.com/Alex-D/Trumbowyg,SUCCESS,NPM/Yarn,True,GitHub Actions,8ce74f9b2d8d6456e159f42bbcb09c5a08bfe506,2025-01-29T16:09:49Z
d3plus/d3plus,JavaScript,1621,https://github.com/d3plus/d3plus,SUCCESS,NPM/Yarn,True,GitHub Actions,e0845a3acef815d41fe28a8185a2dd0caee98924,2025-03-08T02:55:53Z
alibaba/rax,JavaScript,8138,https://github.com/alibaba/rax,SUCCESS,NPM/Yarn,True,GitHub Actions,13d80a491f18c74034aa9b05c36ac922ff8c3357,2023-01-11T07:54:48Z
alohaeditor/Aloha-Editor,JavaScript,2490,https://github.com/alohaeditor/Aloha-Editor,NO_CI,NPM/Yarn,True,GitHub Actions,9ded17d389fc0d54c828c369ea6f67b5e764248a,2025-01-15T16:13:58Z
amark/gun,JavaScript,18904,https://github.com/amark/gun,SUCCESS,NPM/Yarn,True,GitHub Actions,4b43fa7f2c085a866551ee36372daed10316354c,2025-04-02T16:36:23Z
americanexpress/jest-image-snapshot,JavaScript,3910,https://github.com/americanexpress/jest-image-snapshot,FAILURE,NPM/Yarn,True,GitHub Actions,da49e578c9a02c50aa841d05ac64e9ffd4b725fd,2024-04-13T20:42:45Z
amperser/proselint,JavaScript,4505,https://github.com/amperser/proselint,FAILURE,Unknown,False,GitHub Actions,109f58f8c52ab2b2bf838ad94718e7ba6ca6d664,2025-09-01T18:07:52Z
ampproject/amphtml,JavaScript,14919,https://github.com/ampproject/amphtml,SUCCESS,NPM/Yarn,True,GitHub Actions,585c0da3a8affc88e934c6da46908179d56e277f,2025-01-07T19:09:03Z
CesiumGS/cesium,JavaScript,14814,https://github.com/CesiumGS/cesium,SUCCESS,NPM/Yarn,True,GitHub Actions,92027ec803b548b8f358c873b98df7d4cedb0a6a,2024-12-25T19:28:57Z
antvis/F2,JavaScript,7991,https://github.com/antvis/F2,FAILURE,NPM/Yarn,True,GitHub Actions,ec7733c67deea27055810610e8ba31284fd4dff6,2025-07-22T06:39:19Z
anvaka/ngraph.path,JavaScript,3109,https://github.com/anvaka/ngraph.path,SUCCESS,NPM/Yarn,True,GitHub Actions,5a77db160b931c733e0cc011ec351611c211728c,2025-01-07T06:04:54Z
anvaka/VivaGraphJS,JavaScript,3861,https://github.com/anvaka/VivaGraphJS,NO_CI,NPM/Yarn,True,GitHub Actions,4a02fd479d57fa2e516463cc3bd0ca8be0136d62,2025-03-08T05:17:36Z
apache/cordova-android,JavaScript,3773,https://github.com/apache/cordova-android,SUCCESS,NPM/Yarn,True,GitHub Actions,6f0efd3a0da9c4d74a83a76fcff24c4922b93691,2025-01-28T01:32:04Z
apache/cordova-ios,JavaScript,2216,https://github.com/apache/cordova-ios,SUCCESS,NPM/Yarn,True,GitHub Actions,538fe8e92fdc13ae5eac6d09edbc5222c87251e3,2024-12-25T06:41:22Z
apache/cordova-node-xcode,JavaScript,209,https://github.com/apache/cordova-node-xcode,SUCCESS,NPM/Yarn,True,GitHub Actions,5447827c80fb3e68e3c0d3035c4a121aae73390a,2025-11-22T04:33:44Z
apexcharts/apexcharts.js,JavaScript,15067,https://github.com/apexcharts/apexcharts.js,SUCCESS,NPM/Yarn,True,GitHub Actions,2aac8d36291838afd3ff5f1d6de07d94b2f573b9,2024-12-25T10:36:57Z
apocas/dockerode,JavaScript,4816,https://github.com/apocas/dockerode,SUCCESS,NPM/Yarn,True,GitHub Actions,21d83976e40defaf6af63d312449dc848644464f,2024-10-07T18:13:40Z
apostrophecms/apostrophe,JavaScript,4522,https://github.com/apostrophecms/apostrophe,SUCCESS,NPM/Yarn,True,GitHub Actions,c1acb308c8a7d049b9c302871bf2a896f956a203,2024-12-29T21:30:56Z
appbaseio/dejavu,JavaScript,8463,https://github.com/appbaseio/dejavu,SUCCESS,NPM/Yarn,True,GitHub Actions,68f7354b1376a84a40a20e5025661c1db0c3782e,2025-04-09T09:43:18Z
appbaseio/reactivesearch,JavaScript,4930,https://github.com/appbaseio/reactivesearch,FAILURE,NPM/Yarn,True,GitHub Actions,72f6637af87012149194f61575ba7a5a06cfe56b,2025-02-06T09:46:28Z
archiverjs/node-archiver,JavaScript,2943,https://github.com/archiverjs/node-archiver,SUCCESS,NPM/Yarn,True,GitHub Actions,64e9ae381adba2484690abc26c3e7f54aab93a8f,2025-02-02T15:52:30Z
danez/pirates,JavaScript,405,https://github.com/danez/pirates,SUCCESS,NPM/Yarn,True,GitHub Actions,5a81f70d7aed32ea1728918a5859c651cefc77d8,2025-03-27T11:22:16Z
artilleryio/artillery,JavaScript,8889,https://github.com/artilleryio/artillery,SUCCESS,NPM/Yarn,True,GitHub Actions,98e4892fc4e7ee24b2470ac63f61cbb2543b946d,2025-01-13T10:27:00Z
pillarjs/iconv-lite,JavaScript,3163,https://github.com/pillarjs/iconv-lite,FAILURE,NPM/Yarn,True,GitHub Actions,2b59099052e350c3aa7c12e0a1cf711b55730584,2025-08-09T21:20:38Z
astefanutti/decktape,JavaScript,2335,https://github.com/astefanutti/decktape,FAILURE,NPM/Yarn,True,GitHub Actions,8857317fc02a7435891b8b33e702000f9075e090,2025-04-21T15:12:08Z
auth0/node-jsonwebtoken,JavaScript,18147,https://github.com/auth0/node-jsonwebtoken,FAILURE,NPM/Yarn,True,GitHub Actions,bc28861f1fa981ed9c009e29c044a19760a0b128,2023-08-30T12:25:33Z
Automattic/juice,JavaScript,3238,https://github.com/Automattic/juice,SUCCESS,NPM/Yarn,True,GitHub Actions,e8ca9270b4ef7fad69ffefb7120376a3d0831412,2025-01-06T14:20:17Z
Automattic/mongoose,JavaScript,27451,https://github.com/Automattic/mongoose,SUCCESS,NPM/Yarn,True,GitHub Actions,5a04290f4b5911046f3f2774873a136e785cde29,2024-12-26T19:02:48Z
Automattic/node-canvas,JavaScript,10642,https://github.com/Automattic/node-canvas,SUCCESS,NPM/Yarn,True,GitHub Actions,181710970861fd65cec7b10f2aa1036b8682ad3e,2024-12-31T19:07:24Z
automerge/automerge,JavaScript,5962,https://github.com/automerge/automerge,SUCCESS,Unknown,False,GitHub Actions,3b994a78a5da9d673e2feaf5a760069feec8292d,2024-12-26T11:33:14Z
avajs/ava,JavaScript,20856,https://github.com/avajs/ava,SUCCESS,NPM/Yarn,True,GitHub Actions,4abb780b5baad1ccbeb9f57de03ce06a75a68c17,2025-04-14T19:55:05Z
sindresorhus/find-cache-directory,JavaScript,162,https://github.com/sindresorhus/find-cache-directory,SUCCESS,NPM/Yarn,True,GitHub Actions,7cc7f848ae24702ebb0a954f3a91ec3a78550163,2025-04-08T15:24:45Z
avoidwork/filesize.js,JavaScript,1695,https://github.com/avoidwork/filesize.js,NO_CI,NPM/Yarn,True,GitHub Actions,b950d75cf6cda7aa1539f91cd8876beae73a7051,2025-08-31T00:58:15Z
aws/aws-sdk-js,JavaScript,7646,https://github.com/aws/aws-sdk-js,SUCCESS,NPM/Yarn,True,GitHub Actions,c12585baeb9197158cd50975af66856617732aea,2025-04-14T16:34:47Z
CodeGenieApp/serverless-express,JavaScript,5273,https://github.com/CodeGenieApp/serverless-express,FAILURE,NPM/Yarn,True,GitHub Actions,24c580fcebb2aa424ee3927787ff27705e6390c2,2025-07-10T13:44:29Z
axios/axios,JavaScript,108582,https://github.com/axios/axios,SUCCESS,NPM/Yarn,True,GitHub Actions,2c9b33bab4d4843d69bca2ea1a0508d3162fa0ac,2024-12-27T03:15:03Z
azl397985856/leetcode,JavaScript,55801,https://github.com/azl397985856/leetcode,SUCCESS,NPM/Yarn,True,GitHub Actions,f2105edbc7747682370133333b385fadbe4a1915,2025-01-14T16:08:27Z
babel/babel-loader,JavaScript,4852,https://github.com/babel/babel-loader,SUCCESS,NPM/Yarn,True,GitHub Actions,5a223cf039aee8e5e32c2fce4a4bc5ca20bbd901,2025-02-27T20:25:03Z
badges/shields,JavaScript,26060,https://github.com/badges/shields,SUCCESS,NPM/Yarn,True,GitHub Actions,2b90459bb476d71732435c8885c1e31c7f750ef4,2024-12-27T13:54:02Z
baidu/san,JavaScript,4756,https://github.com/baidu/san,FAILURE,NPM/Yarn,True,GitHub Actions,86d221b2d685583e582f227f1011817d323f3de6,2025-07-15T11:45:41Z
basecamp/trix,JavaScript,19905,https://github.com/basecamp/trix,FAILURE,NPM/Yarn,True,GitHub Actions,7bf3e5aae233942a4f03d18c23d0bbd240277328,2024-12-20T18:24:23Z
bbc/peaks.js,JavaScript,3375,https://github.com/bbc/peaks.js,SUCCESS,NPM/Yarn,True,GitHub Actions,ececf523413f1294ba9f17b874c19f514ca0fb6e,2024-12-06T09:15:58Z
be5invis/Iosevka,JavaScript,21703,https://github.com/be5invis/Iosevka,NO_CI,NPM/Yarn,True,GitHub Actions,f2cab61c0de33c8c7158ede37c6241e04b5cc22b,2025-12-06T14:08:32Z
be5invis/Sarasa-Gothic,JavaScript,11844,https://github.com/be5invis/Sarasa-Gothic,NO_CI,NPM/Yarn,True,GitHub Actions,978728df3f9a0589eb901d68a2acdcd0fd8839b4,2025-11-15T10:39:33Z
antonioru/beautiful-react-hooks,JavaScript,8371,https://github.com/antonioru/beautiful-react-hooks,FAILURE,NPM/Yarn,True,GitHub Actions,c093e9d3ea7b2c06ee57a5aec9d0e7d55ebba4ed,2025-03-12T20:36:50Z
beautifier/js-beautify,JavaScript,8936,https://github.com/beautifier/js-beautify,SUCCESS,NPM/Yarn,True,GitHub Actions,06b94cf9f8e42c1ed3b149ed5d80fe04ffaa186d,2025-01-25T09:04:26Z
bee-queue/bee-queue,JavaScript,4019,https://github.com/bee-queue/bee-queue,FAILURE,NPM/Yarn,True,GitHub Actions,846f2d87b6e51be20bc32260f85e5892916c5789,2025-12-08T05:49:28Z
beefproject/beef,JavaScript,10718,https://github.com/beefproject/beef,SUCCESS,NPM/Yarn,True,GitHub Actions,1c1e1adc7fa44f7bf6b4976e48cd925091f386e4,2024-12-26T04:33:07Z
browserslist/caniuse-lite,JavaScript,604,https://github.com/browserslist/caniuse-lite,NO_CI,NPM/Yarn,True,GitHub Actions,b5a6d0d34004f8a4b1218b45689cef34314a7082,2025-01-14T08:32:50Z
bendrucker/postgres-array,JavaScript,23,https://github.com/bendrucker/postgres-array,SUCCESS,NPM/Yarn,True,GitHub Actions,466051f3f5761c8102b094db602ec6d04acbb3c8,2025-03-05T20:39:33Z
bendrucker/postgres-date,JavaScript,16,https://github.com/bendrucker/postgres-date,SUCCESS,NPM/Yarn,True,GitHub Actions,7869e08c22c76ced0cc6f56e029a73ae5e2ee520,2026-02-08T01:16:11Z
bendrucker/postgres-interval,JavaScript,37,https://github.com/bendrucker/postgres-interval,SUCCESS,NPM/Yarn,True,GitHub Actions,09c75cd1741b94f038fe345effff736f6973eda3,2025-07-03T06:42:33Z
import-js/eslint-plugin-import,JavaScript,5871,https://github.com/import-js/eslint-plugin-import,SUCCESS,NPM/Yarn,True,GitHub Actions,74c976339a5cf603e757d596f221473023f6b113,2024-12-31T00:25:35Z
BenoitZugmeyer/eslint-plugin-html,JavaScript,452,https://github.com/BenoitZugmeyer/eslint-plugin-html,SUCCESS,NPM/Yarn,True,GitHub Actions,522c304c85709a148319ac3b91ba60e069f69020,2025-03-03T15:11:50Z
bestony/logoly,JavaScript,7930,https://github.com/bestony/logoly,FAILURE,NPM/Yarn,True,GitHub Actions,2fb033d37f7c5319bc21e3533f45e226b29dc6c3,2024-12-27T05:20:12Z
bevry/domain-browser,JavaScript,32,https://github.com/bevry/domain-browser,SUCCESS,NPM/Yarn,True,GitHub Actions,08dea96896d4704b2064d72f9bcada9ddea04456,2025-08-16T16:19:44Z
bigbluebutton/bigbluebutton,JavaScript,9027,https://github.com/bigbluebutton/bigbluebutton,FAILURE,Unknown,False,GitHub Actions,2f630e315aa9a65e456f85af04b9fa2ca8f74b14,2025-01-13T20:27:03Z
bitcoinjs/bitcoinjs-lib,JavaScript,5969,https://github.com/bitcoinjs/bitcoinjs-lib,SUCCESS,NPM/Yarn,True,GitHub Actions,7b8f8d61c94e4214cf064a66fbaf5bacb31ba764,2024-12-20T22:11:32Z
bloomberg/goldpinger,JavaScript,2674,https://github.com/bloomberg/goldpinger,SUCCESS,Unknown,False,GitHub Actions,02065cf8128f4e77e06d542ef658fd3f0bf457cd,2024-11-11T14:30:59Z
bnjmnt4n/regjsgen,JavaScript,33,https://github.com/bnjmnt4n/regjsgen,SUCCESS,NPM/Yarn,True,GitHub Actions,f00e06fadb4ca0adbd5876a1bd32b3e2f2a0a532,2025-05-16T14:02:29Z
bootstrap-vue/bootstrap-vue,JavaScript,14485,https://github.com/bootstrap-vue/bootstrap-vue,SUCCESS,NPM/Yarn,True,GitHub Actions,bf2ff746dc747cae08cdf659730beab2400264fd,2025-01-04T10:33:06Z
bpampuch/pdfmake,JavaScript,12227,https://github.com/bpampuch/pdfmake,SUCCESS,NPM/Yarn,True,GitHub Actions,5926fc9a92050d17de215200a332737934b1ed4b,2024-12-29T10:17:24Z
bpmn-io/bpmn-js,JavaScript,9431,https://github.com/bpmn-io/bpmn-js,SUCCESS,NPM/Yarn,True,GitHub Actions,a44af7addaae5a0509baaf040621c110e5b56c75,2025-01-06T10:53:57Z
brianc/node-pg-types,JavaScript,298,https://github.com/brianc/node-pg-types,SUCCESS,NPM/Yarn,True,GitHub Actions,27b22f41c7b41f9bb1b661669924d8fe7162e780,2025-07-30T15:32:49Z
brianc/node-postgres,JavaScript,13057,https://github.com/brianc/node-postgres,SUCCESS,NPM/Yarn,True,GitHub Actions,9fbcf179082b6bf4134881193a8764d816800cfc,2025-01-13T19:28:25Z
broccolijs/broccoli,JavaScript,3334,https://github.com/broccolijs/broccoli,SUCCESS,NPM/Yarn,True,GitHub Actions,37ed7f682509175f56f64ff9d1cc2d13e65ce114,2025-11-01T21:18:00Z
brookhong/Surfingkeys,JavaScript,6003,https://github.com/brookhong/Surfingkeys,FAILURE,NPM/Yarn,True,GitHub Actions,7f6cc570f91cfaab6a16b4c26aba25eaef6fa71d,2024-12-07T15:46:19Z
browserify/resolve,JavaScript,795,https://github.com/browserify/resolve,FAILURE,NPM/Yarn,True,GitHub Actions,32b51a583e3768f7a61535732d9e236992ba88eb,2024-12-29T09:19:44Z
browserslist/browserslist,JavaScript,13491,https://github.com/browserslist/browserslist,SUCCESS,NPM/Yarn,True,GitHub Actions,442e4ac67930117d380fb6b5faa27d9bd6006ac6,2025-01-08T11:28:21Z
bytedance/xgplayer,JavaScript,9126,https://github.com/bytedance/xgplayer,SUCCESS,NPM/Yarn,True,GitHub Actions,ba3b749866ff83d38b1b392f645dfc380dbbca7c,2024-12-23T12:49:12Z
caolan/async,JavaScript,28209,https://github.com/caolan/async,SUCCESS,NPM/Yarn,True,GitHub Actions,23dbf76aeb04c7c3dd56276115b277e3fa9dd5cc,2025-02-01T21:32:43Z
carbon-app/carbon,JavaScript,35888,https://github.com/carbon-app/carbon,FAILURE,NPM/Yarn,True,GitHub Actions,0f5481830385e9edc3eca682348484d46ea7475e,2024-12-27T22:47:52Z
carbon-design-system/carbon,JavaScript,8753,https://github.com/carbon-design-system/carbon,PENDING,NPM/Yarn,True,GitHub Actions,05619d25109099440fb230ab9b2e1a326d1c9872,2024-12-27T14:02:55Z
CarGuo/GSYGithubAPP,JavaScript,2464,https://github.com/CarGuo/GSYGithubAPP,SUCCESS,NPM/Yarn,True,GitHub Actions,0a853892336b0f6ad541c4f8f16edf40dc052094,2025-12-15T08:56:30Z
carloscuesta/gitmoji-cli,JavaScript,4812,https://github.com/carloscuesta/gitmoji-cli,SUCCESS,NPM/Yarn,True,GitHub Actions,498a1f3ffe456ee62b1c0495a85d8f2e8601ec29,2024-12-26T12:35:50Z
cerebral/cerebral,JavaScript,1999,https://github.com/cerebral/cerebral,SUCCESS,NPM/Yarn,True,GitHub Actions,d45b4fe86c84060837904fe3999a06e2f150294f,2025-02-27T00:39:14Z
chaijs/chai-http,JavaScript,638,https://github.com/chaijs/chai-http,SUCCESS,NPM/Yarn,True,GitHub Actions,2ee73dab86ad3f1b1bb49a2f60b4a29abfad7ba1,2025-01-29T10:24:51Z
chaijs/chai,JavaScript,8266,https://github.com/chaijs/chai,SUCCESS,NPM/Yarn,True,GitHub Actions,3bc02eee4612a5245a675e656340e21813a7be4c,2025-01-07T20:56:52Z
chaijs/pathval,JavaScript,42,https://github.com/chaijs/pathval,SUCCESS,NPM/Yarn,True,GitHub Actions,968ede89555f64b6bf1603e392e3b47bfbe3d706,2025-06-25T08:19:06Z
chalk/ansi-regex,JavaScript,201,https://github.com/chalk/ansi-regex,FAILURE,NPM/Yarn,True,GitHub Actions,827322a26097791c663a3688d5d938d197519a0f,2025-07-08T15:48:00Z
chalk/ansi-styles,JavaScript,451,https://github.com/chalk/ansi-styles,SUCCESS,NPM/Yarn,True,GitHub Actions,28d11988aea80a0b4fdbea5794aa45b701819995,2025-09-08T14:51:52Z
chalk/has-ansi,JavaScript,50,https://github.com/chalk/has-ansi,SUCCESS,NPM/Yarn,True,GitHub Actions,8ad46b5ecc1f66de8e526c506d72fbe3e092ef20,2025-09-08T15:08:47Z
chalk/slice-ansi,JavaScript,50,https://github.com/chalk/slice-ansi,SUCCESS,NPM/Yarn,True,GitHub Actions,70f0071c9fe137a62505e3290226f904073aed6e,2025-09-08T15:11:49Z
chalk/strip-ansi,JavaScript,502,https://github.com/chalk/strip-ansi,SUCCESS,NPM/Yarn,True,GitHub Actions,4250e5d077ebc115593d1533376225ac4914f46e,2025-01-19T08:09:18Z
chalk/supports-color,JavaScript,365,https://github.com/chalk/supports-color,SUCCESS,NPM/Yarn,True,GitHub Actions,452a71773c6b4708ca2ccfb5f5a06bc0cafcee19,2025-08-03T23:15:04Z
chalk/wrap-ansi,JavaScript,131,https://github.com/chalk/wrap-ansi,SUCCESS,NPM/Yarn,True,GitHub Actions,cf1d1e65e9bc23c7e621f23a3418730fb46a17ea,2025-09-08T15:10:44Z
chancejs/chancejs,JavaScript,6559,https://github.com/chancejs/chancejs,SUCCESS,NPM/Yarn,True,GitHub Actions,8a979afef5c4643ec67a1b5c9db2a23225fceff4,2025-05-18T20:59:03Z
chartjs/Chart.js,JavaScript,67117,https://github.com/chartjs/Chart.js,SUCCESS,NPM/Yarn,True,GitHub Actions,1e3d6e5711d60ed7f5212b62cfd3a6ce6ff4b503,2025-01-03T00:17:24Z
chinese-poetry/chinese-poetry,JavaScript,50944,https://github.com/chinese-poetry/chinese-poetry,SUCCESS,Unknown,False,GitHub Actions,909646524737b70544ee7ae17cb76868a0bc8a55,2025-04-02T09:42:19Z
clappr/clappr,JavaScript,7415,https://github.com/clappr/clappr,SUCCESS,NPM/Yarn,True,GitHub Actions,dd08872a78ad9397df4b74fec2852ffc0aee253b,2025-01-04T23:40:26Z
clientIO/joint,JavaScript,5196,https://github.com/clientIO/joint,SUCCESS,NPM/Yarn,True,GitHub Actions,12b0c32b9c4872f3ea5182f3d101188fc649b062,2025-01-10T10:00:12Z
cloudera/hue,JavaScript,1466,https://github.com/cloudera/hue,SUCCESS,NPM/Yarn,True,GitHub Actions,c54f745b73de749c0edfe10ba3b952638c5db405,2025-01-06T06:49:17Z
cloudhead/node-static,JavaScript,2164,https://github.com/cloudhead/node-static,FAILURE,NPM/Yarn,True,GitHub Actions,4df9d3f9577a13712559f6ba152a1f0c2be30c68,2025-08-27T16:57:07Z
cockpit-project/cockpit,JavaScript,13136,https://github.com/cockpit-project/cockpit,FAILURE,NPM/Yarn,True,GitHub Actions,fcccd6bdc76026761202281b967f676383517af5,2024-12-26T10:20:15Z
codeceptjs/CodeceptJS,JavaScript,4219,https://github.com/codeceptjs/CodeceptJS,FAILURE,NPM/Yarn,True,GitHub Actions,ed6d52abf97ca37263be35c99c5ead099e243e75,2025-01-02T14:58:30Z
codecombat/codecombat,JavaScript,8428,https://github.com/codecombat/codecombat,SUCCESS,NPM/Yarn,True,GitHub Actions,0a5204565fce6a2d12911f0bc54def763f0b22a8,2024-12-26T08:52:20Z
codemirror/codemirror5,JavaScript,27230,https://github.com/codemirror/codemirror5,SUCCESS,NPM/Yarn,True,GitHub Actions,187450ac140094ae30630bc209c88c9f1b278e67,2025-03-11T14:39:10Z
codesandbox/codesandbox-client,JavaScript,13559,https://github.com/codesandbox/codesandbox-client,SUCCESS,NPM/Yarn,True,GitHub Actions,002fbc9753db34be9e63bc725a87a384ea6afe26,2024-12-12T15:03:59Z
simplecov-ruby/simplecov-html,JavaScript,75,https://github.com/simplecov-ruby/simplecov-html,SUCCESS,Unknown,False,GitHub Actions,fec1a47609126ddf073dd5abd43425811a484e35,2025-05-01T19:08:41Z
sindresorhus/array-equal,JavaScript,38,https://github.com/sindresorhus/array-equal,SUCCESS,NPM/Yarn,True,GitHub Actions,78dc254249db512fee04c32b733cffd3bf768164,2025-04-08T15:35:27Z
sindresorhus/debounce,JavaScript,839,https://github.com/sindresorhus/debounce,SUCCESS,NPM/Yarn,True,GitHub Actions,cc34d9071e15cc548c23b9bc9441bebb5c81024d,2025-11-02T18:36:56Z
conversejs/converse.js,JavaScript,3216,https://github.com/conversejs/converse.js,SUCCESS,NPM/Yarn,True,GitHub Actions,74e7556f29366bd5b56d4dd3d30057b78061b85e,2024-12-26T06:17:42Z
copy/v86,JavaScript,22165,https://github.com/copy/v86,SUCCESS,NPM/Yarn,True,GitHub Actions,d603a779db0170452a476542536de2863df68084,2025-06-07T14:33:46Z
coreui/coreui-free-react-admin-template,JavaScript,4889,https://github.com/coreui/coreui-free-react-admin-template,SUCCESS,NPM/Yarn,True,GitHub Actions,f9c3612a2cfb05b0837be6ad229d50f5a276139b,2025-02-04T11:10:43Z
Countly/countly-server,JavaScript,5824,https://github.com/Countly/countly-server,SUCCESS,NPM/Yarn,True,GitHub Actions,b6c1a986f9ee6f7cb4f132b552b5c9df02a96376,2024-12-27T11:05:45Z
browserify/browserify-sign,JavaScript,48,https://github.com/browserify/browserify-sign,SUCCESS,NPM/Yarn,True,GitHub Actions,31be0c2459e1aad5158f72576c057603bf8527b6,2025-09-22T20:15:00Z
browserify/parse-asn1,JavaScript,20,https://github.com/browserify/parse-asn1,SUCCESS,NPM/Yarn,True,GitHub Actions,93663af2ba632c5a4c76847d410836ca8da3f00b,2025-09-23T05:14:03Z
browserify/pbkdf2,JavaScript,200,https://github.com/browserify/pbkdf2,FAILURE,NPM/Yarn,True,GitHub Actions,eb9f97a66ed83836bebc4ff563a1588248708501,2025-06-03T01:15:10Z
browserify/sha.js,JavaScript,296,https://github.com/browserify/sha.js,SUCCESS,NPM/Yarn,True,GitHub Actions,f2a258e9f2d0fcd113bfbaa49706e1ac0d979ba5,2024-11-26T18:03:43Z
csstools/cssdb,JavaScript,544,https://github.com/csstools/cssdb,SUCCESS,NPM/Yarn,True,GitHub Actions,a16857e812189d2b168223a5b7609b9219420de7,2024-12-30T09:02:11Z
csstree/csstree,JavaScript,2075,https://github.com/csstree/csstree,SUCCESS,NPM/Yarn,True,GitHub Actions,b6ec5bccd00b970eb23bc39b993cf567438f47ee,2025-01-15T12:01:14Z
ctrlplusb/easy-peasy,JavaScript,5046,https://github.com/ctrlplusb/easy-peasy,FAILURE,NPM/Yarn,True,GitHub Actions,0142e875796c843ccf7c7c5b1a68754a9ecfdd51,2025-01-09T19:33:53Z
cure53/DOMPurify,JavaScript,16606,https://github.com/cure53/DOMPurify,SUCCESS,NPM/Yarn,True,GitHub Actions,bdef5df8d197b171697a8b65e785a18003282632,2024-12-25T08:20:21Z
cyrus-and/chrome-remote-interface,JavaScript,4492,https://github.com/cyrus-and/chrome-remote-interface,SUCCESS,NPM/Yarn,True,GitHub Actions,57e23772fe37969a1b328588ed6ed42b38a9f216,2025-02-09T13:53:36Z
cytoscape/cytoscape.js,JavaScript,10848,https://github.com/cytoscape/cytoscape.js,SUCCESS,NPM/Yarn,True,GitHub Actions,ba83c4ec3abc63cb1ccd53c9671ec990536ee802,2025-01-06T21:46:13Z
cyu/rack-cors,JavaScript,3291,https://github.com/cyu/rack-cors,SUCCESS,Unknown,False,GitHub Actions,ea21a39e4eb93e6ce77d15d65de308bebcad0128,2024-12-27T23:58:22Z
d2-projects/d2-admin,JavaScript,12665,https://github.com/d2-projects/d2-admin,FAILURE,NPM/Yarn,True,GitHub Actions,7982f6b1c2acbc244b68c0ab3a2560a894d7233f,2020-06-07T15:24:30Z
d3/d3-format,JavaScript,640,https://github.com/d3/d3-format,SUCCESS,NPM/Yarn,True,GitHub Actions,a13ebb9b357cbbd794584df1b6cae6122bf68966,2026-01-14T03:51:45Z
dagrejs/dagre,JavaScript,5513,https://github.com/dagrejs/dagre,SUCCESS,NPM/Yarn,True,GitHub Actions,3c6952ea1b478ca7291b610367335a309a0dd77a,2025-05-11T05:33:11Z
dankogai/js-base64,JavaScript,4368,https://github.com/dankogai/js-base64,SUCCESS,NPM/Yarn,True,GitHub Actions,9df6b696cbe04faaece29cf15d44208657d407eb,2025-08-05T07:56:50Z
danvk/dygraphs,JavaScript,3227,https://github.com/danvk/dygraphs,SUCCESS,NPM/Yarn,True,GitHub Actions,864cdd5ec702bfaa1d27769d6d79e042967772d8,2025-01-10T21:49:03Z
dariusk/corpora,JavaScript,5073,https://github.com/dariusk/corpora,SUCCESS,NPM/Yarn,True,GitHub Actions,2c300dd09fe9ff49075a8a4898ccbdf7880acc8c,2025-08-15T12:30:40Z
Dash-Industry-Forum/dash.js,JavaScript,5495,https://github.com/Dash-Industry-Forum/dash.js,SUCCESS,NPM/Yarn,True,GitHub Actions,440ebd52498800e31bd8fdef6b5f95dd7bd639ed,2025-01-06T10:15:54Z
DavidAnson/markdownlint,JavaScript,5822,https://github.com/DavidAnson/markdownlint,SUCCESS,NPM/Yarn,True,GitHub Actions,ef70472df781beb58bf173800af0ccd150a3d066,2024-12-31T03:36:56Z
davidjbradshaw/iframe-resizer,JavaScript,6888,https://github.com/davidjbradshaw/iframe-resizer,SUCCESS,NPM/Yarn,True,GitHub Actions,8a2e3e30394f34b13f4973049a1422f9da0f67c4,2025-01-13T16:38:15Z
davidmarkclements/0x,JavaScript,3526,https://github.com/davidmarkclements/0x,SUCCESS,NPM/Yarn,True,GitHub Actions,6c27acf607468960fe74e41cbd79f9e935cd02f7,2025-07-07T08:48:16Z
csstools/postcss-resolve-nested-selector,JavaScript,13,https://github.com/csstools/postcss-resolve-nested-selector,SUCCESS,NPM/Yarn,True,GitHub Actions,c49f92cf7798f5f7acbf06b88e1c8138b07f408a,2024-12-28T19:07:24Z
dcloudio/uni-app,JavaScript,41413,https://github.com/dcloudio/uni-app,SUCCESS,NPM/Yarn,True,GitHub Actions,cddba907dd8b6904cee0658e3265592091720fb9,2025-02-19T08:35:54Z
dcodeIO/bcrypt.js,JavaScript,3785,https://github.com/dcodeIO/bcrypt.js,SUCCESS,NPM/Yarn,True,GitHub Actions,1b54cc48d4120b50e1d9058e5a67f326102fd744,2025-02-11T17:44:49Z
dcodeIO/long.js,JavaScript,916,https://github.com/dcodeIO/long.js,SUCCESS,NPM/Yarn,True,GitHub Actions,d5ab8f6ce5f20fe9edcb9d2fc38e8dad39d50469,2025-01-09T22:32:09Z
denysdovhan/wtfjs,JavaScript,37634,https://github.com/denysdovhan/wtfjs,SUCCESS,NPM/Yarn,True,GitHub Actions,e92b871953d04581d3e5b35e942a02c85031d662,2025-03-18T13:55:28Z
dequelabs/axe-core,JavaScript,6869,https://github.com/dequelabs/axe-core,SUCCESS,NPM/Yarn,True,GitHub Actions,11de515858a7c10a3d7400163fc2b834715152fc,2025-01-06T12:45:50Z
DevExpress/testcafe,JavaScript,9904,https://github.com/DevExpress/testcafe,FAILURE,NPM/Yarn,True,GitHub Actions,88890ce49818a332970576b852ca199d84d8a072,2024-12-23T12:22:55Z
dherault/serverless-offline,JavaScript,5260,https://github.com/dherault/serverless-offline,FAILURE,NPM/Yarn,True,GitHub Actions,b92478f27a063a6da41a3e29f17305a5d58645c5,2025-01-04T22:57:17Z
didi/cube-ui,JavaScript,9130,https://github.com/didi/cube-ui,NO_CI,NPM/Yarn,True,GitHub Actions,43bf7ef8363379e2a77841adcccf060033e8befd,2025-04-15T03:31:50Z
didi/mpx,JavaScript,3876,https://github.com/didi/mpx,SUCCESS,NPM/Yarn,True,GitHub Actions,f50320cef52dca4247dd7f9bd15c14f6f1e6067f,2024-12-24T15:12:36Z
digitalbazaar/forge,JavaScript,5263,https://github.com/digitalbazaar/forge,SUCCESS,NPM/Yarn,True,GitHub Actions,7208bf4dfe7e498a29521be7359156356a79634d,2025-11-13T23:32:29Z
discord/discord-api-docs,JavaScript,6325,https://github.com/discord/discord-api-docs,SUCCESS,Unknown,False,GitHub Actions,40004729cde71842244197b3f9a4c3bea6802aa7,2025-01-07T17:28:04Z
django-ckeditor/django-ckeditor,JavaScript,2466,https://github.com/django-ckeditor/django-ckeditor,SUCCESS,Unknown,False,GitHub Actions,058f5cf64c3fd1fea13d32d69121e78a69b2f88d,2025-06-05T19:36:03Z
dlmanning/gulp-sass,JavaScript,1559,https://github.com/dlmanning/gulp-sass,SUCCESS,NPM/Yarn,True,GitHub Actions,9ce7c0c295f2e66c41a8c358868ec9f3a6cd5abe,2025-03-05T08:51:56Z
docsifyjs/docsify,JavaScript,30974,https://github.com/docsifyjs/docsify,SUCCESS,NPM/Yarn,True,GitHub Actions,c18df4c46bcec76dbc16507e8135b929af8fb7f8,2025-01-02T02:21:09Z
chaijs/chai-as-promised,JavaScript,1418,https://github.com/chaijs/chai-as-promised,SUCCESS,NPM/Yarn,True,GitHub Actions,30b56b59bf3da03da3216029d81bad099c73318a,2025-01-29T21:07:42Z
chaijs/sinon-chai,JavaScript,1091,https://github.com/chaijs/sinon-chai,SUCCESS,NPM/Yarn,True,GitHub Actions,572745b9f54567ddb6138d9788af45a888e95ad0,2025-08-22T10:47:58Z
doocs/technical-books,JavaScript,6870,https://github.com/doocs/technical-books,SUCCESS,NPM/Yarn,True,GitHub Actions,86c0ea268df62059678fb750ab0398b5493acac4,2025-01-16T09:48:40Z
jslint-org/jslint,JavaScript,3658,https://github.com/jslint-org/jslint,SUCCESS,NPM/Yarn,True,GitHub Actions,73705ec6f07e4706ca2c16d8546b3b78bcada6f6,2025-04-02T15:53:44Z
downshift-js/downshift,JavaScript,12295,https://github.com/downshift-js/downshift,SUCCESS,NPM/Yarn,True,GitHub Actions,a22871f84c15d6098e336def9ade6050a95c2bb9,2025-03-14T08:12:20Z
drawcall/Proton,JavaScript,2471,https://github.com/drawcall/Proton,SUCCESS,NPM/Yarn,True,GitHub Actions,473f643c3a535db002cb9ee6af50e31001acc537,2025-01-27T02:53:23Z
dresende/node-orm2,JavaScript,3059,https://github.com/dresende/node-orm2,SUCCESS,NPM/Yarn,True,GitHub Actions,749d424b0ec521f06c9fff1fa5ca0229beefe713,2025-03-13T13:27:11Z
EFForg/privacybadger,JavaScript,3661,https://github.com/EFForg/privacybadger,FAILURE,NPM/Yarn,True,GitHub Actions,a27a9a03c8038ecf645b2e56538930bf69e8bb4a,2025-01-08T22:09:40Z
electerious/nice-try,JavaScript,69,https://github.com/electerious/nice-try,SUCCESS,NPM/Yarn,True,GitHub Actions,0d5247350da7a0616af904039de98f4076374672,2025-10-10T13:50:34Z
ember-cli/ember-cli,JavaScript,3244,https://github.com/ember-cli/ember-cli,FAILURE,NPM/Yarn,True,GitHub Actions,1520ec2c2041209a3796d655299482399b87d231,2024-12-25T19:20:51Z
emotion-js/emotion,JavaScript,17997,https://github.com/emotion-js/emotion,FAILURE,NPM/Yarn,True,GitHub Actions,0facbe47bd9099ae4ed22dc201822d910ac3dec5,2025-06-26T08:52:14Z
es-shims/array-includes,JavaScript,43,https://github.com/es-shims/array-includes,SUCCESS,NPM/Yarn,True,GitHub Actions,3b934ae87a602798775c04dbeb4cb9e9f1805610,2025-05-30T07:03:54Z
es-shims/Function.prototype.name,JavaScript,12,https://github.com/es-shims/Function.prototype.name,SUCCESS,NPM/Yarn,True,GitHub Actions,298b9e889f387e86603f5f07c7b3c41041659658,2020-11-28T06:37:18Z
es-shims/object-is,JavaScript,25,https://github.com/es-shims/object-is,SUCCESS,NPM/Yarn,True,GitHub Actions,958ab266fd68396781c076d8a5ee4ba292561362,2020-11-27T07:06:47Z
es-shims/Object.entries,JavaScript,57,https://github.com/es-shims/Object.entries,FAILURE,NPM/Yarn,True,GitHub Actions,f9641aa552ca26fe787474f342d0868f65c306b3,2020-11-26T21:53:40Z
es-shims/Object.values,JavaScript,72,https://github.com/es-shims/Object.values,SUCCESS,NPM/Yarn,True,GitHub Actions,65b13f849cf538d3a7f5e19080762cd27b15d354,2025-12-29T22:48:52Z
es-shims/RegExp.prototype.flags,JavaScript,8,https://github.com/es-shims/RegExp.prototype.flags,SUCCESS,NPM/Yarn,True,GitHub Actions,e4e391fd3e6f057172994ad0c33ca128568c0b06,2021-01-15T00:55:22Z
es-shims/String.prototype.padEnd,JavaScript,10,https://github.com/es-shims/String.prototype.padEnd,SUCCESS,NPM/Yarn,True,GitHub Actions,f655da9b8a97a2d14f84d66d268b58cc7fdb71dd,2025-12-29T22:49:11Z
es-shims/String.prototype.trim,JavaScript,13,https://github.com/es-shims/String.prototype.trim,SUCCESS,NPM/Yarn,True,GitHub Actions,6768c8d5569a6fcc841436b98a19ddf6b63c7de4,2020-11-21T21:41:31Z
es-shims/String.prototype.trimLeft,JavaScript,8,https://github.com/es-shims/String.prototype.trimLeft,SUCCESS,NPM/Yarn,True,GitHub Actions,b528020e7dd83b96801e283f9731b8825be08314,2026-01-13T19:21:56Z
es-shims/String.prototype.trimRight,JavaScript,8,https://github.com/es-shims/String.prototype.trimRight,SUCCESS,NPM/Yarn,True,GitHub Actions,65805e58de80ab6dbeedbde0612a5df07a1dbbe8,2025-12-29T22:49:22Z
eslint/eslint,JavaScript,26883,https://github.com/eslint/eslint,SUCCESS,NPM/Yarn,True,GitHub Actions,87a9352c621e7cd1d5bb77b3c08df7837363ea12,2024-12-27T06:23:44Z
eslint/js,JavaScript,2369,https://github.com/eslint/js,SUCCESS,NPM/Yarn,True,GitHub Actions,0b0ef118d0152afabcbf7a6835492ee7f35e52e8,2024-12-28T07:42:18Z
estools/esquery,JavaScript,879,https://github.com/estools/esquery,SUCCESS,NPM/Yarn,True,GitHub Actions,6c4f10370606c5a08adfcb5becc8248fb1edad43,2025-03-05T03:38:01Z
jpeg-js/jpeg-js,JavaScript,586,https://github.com/jpeg-js/jpeg-js,SUCCESS,NPM/Yarn,True,GitHub Actions,1031ccd7a63c641c16afb2430279d1598530a85c,2025-10-13T14:44:12Z
eugeneware/unique-stream,JavaScript,25,https://github.com/eugeneware/unique-stream,SUCCESS,NPM/Yarn,True,GitHub Actions,2e21d847e8ad7d7e9019420796a08d2a2d473288,2025-10-11T18:14:20Z
expressjs/body-parser,JavaScript,5500,https://github.com/expressjs/body-parser,SUCCESS,NPM/Yarn,True,GitHub Actions,a45a451779377e33acc879ded83e06ef402ba610,2025-01-08T13:42:43Z
expressjs/compression,JavaScript,2803,https://github.com/expressjs/compression,SUCCESS,NPM/Yarn,True,GitHub Actions,d272132acbbe916e7f81174430008a6f5b093f15,2025-01-08T19:46:32Z
expressjs/cookie-parser,JavaScript,2026,https://github.com/expressjs/cookie-parser,SUCCESS,NPM/Yarn,True,GitHub Actions,77e939077eb452e0b3a36573a66879d88aa311f3,2025-05-15T10:35:36Z
expressjs/cors,JavaScript,6194,https://github.com/expressjs/cors,SUCCESS,NPM/Yarn,True,GitHub Actions,1cfb3709dec33dfa7ae95a3a554f2dd10498c7f9,2025-01-04T19:06:21Z
expressjs/errorhandler,JavaScript,426,https://github.com/expressjs/errorhandler,SUCCESS,NPM/Yarn,True,GitHub Actions,3a13632b1e77530aeba5c7d3265d5a732171ad41,2025-06-05T12:43:51Z
expressjs/express,JavaScript,68684,https://github.com/expressjs/express,FAILURE,NPM/Yarn,True,GitHub Actions,b11122be85377375465b2aa103da43301e56f128,2025-01-02T07:00:30Z
expressjs/method-override,JavaScript,625,https://github.com/expressjs/method-override,SUCCESS,NPM/Yarn,True,GitHub Actions,79ca8539dd7c98dfd55b5995736f1cd01ac4c15e,2025-04-17T14:14:00Z
expressjs/morgan,JavaScript,8161,https://github.com/expressjs/morgan,FAILURE,NPM/Yarn,True,GitHub Actions,b144728e07dc7c9f61577b1e67c50a4b8b3c4265,2025-06-05T12:53:22Z
expressjs/multer,JavaScript,11997,https://github.com/expressjs/multer,SUCCESS,NPM/Yarn,True,GitHub Actions,d0782a5cad774bf6296c9fe9be16bb56081c600b,2025-03-20T11:00:33Z
expressjs/response-time,JavaScript,496,https://github.com/expressjs/response-time,SUCCESS,NPM/Yarn,True,GitHub Actions,46821501d580ff7ba5b2dc356192804a191563ac,2025-01-23T09:47:30Z
expressjs/serve-favicon,JavaScript,627,https://github.com/expressjs/serve-favicon,SUCCESS,NPM/Yarn,True,GitHub Actions,00dbca44bd91101433a929b241ae6aefd14e209c,2025-06-05T12:39:08Z
expressjs/serve-index,JavaScript,445,https://github.com/expressjs/serve-index,SUCCESS,NPM/Yarn,True,GitHub Actions,54ed028b3293172c6292b5626db439d877499281,2026-01-10T11:42:28Z
expressjs/serve-static,JavaScript,1422,https://github.com/expressjs/serve-static,SUCCESS,NPM/Yarn,True,GitHub Actions,96886b36519f0f07de25b9ab1ff2e780402c5b3f,2025-01-23T17:30:57Z
expressjs/session,JavaScript,6364,https://github.com/expressjs/session,FAILURE,NPM/Yarn,True,GitHub Actions,4930de729107448e4b34b5bd39f138f71f1561f6,2025-01-23T18:45:47Z
expressjs/timeout,JavaScript,321,https://github.com/expressjs/timeout,SUCCESS,NPM/Yarn,True,GitHub Actions,e9cf316d13999f32e86607b5582e7167416eed24,2025-07-17T17:25:24Z
expressjs/vhost,JavaScript,765,https://github.com/expressjs/vhost,SUCCESS,NPM/Yarn,True,GitHub Actions,b4c537e1b77f1be52be29fff81537777befed1d9,2025-07-24T16:42:48Z
facebook/create-react-app,JavaScript,103944,https://github.com/facebook/create-react-app,FAILURE,NPM/Yarn,True,GitHub Actions,32652a5ad6bf688276e4c4bffbabda2318379eed,2025-01-28T21:44:00Z
facebook/hermes,JavaScript,10785,https://github.com/facebook/hermes,FAILURE,Unknown,False,GitHub Actions,e037e5ab922b8aeab7794f8233a8d10fcc541104,2025-01-03T00:54:07Z
facebook/jscodeshift,JavaScript,9942,https://github.com/facebook/jscodeshift,SUCCESS,NPM/Yarn,True,GitHub Actions,6d2046005a5f22bbfc93951270c67681445fc499,2024-12-27T00:16:34Z
facebook/metro,JavaScript,5555,https://github.com/facebook/metro,NO_CI,NPM/Yarn,True,GitHub Actions,14d7235a4caec1ce6f03f4b6caf6004468a74b61,2025-02-25T12:33:14Z
facebook/react,JavaScript,242912,https://github.com/facebook/react,FAILURE,NPM/Yarn,True,GitHub Actions,fc8a898dd126198305fce458edd084c5d9c4b67a,2024-12-26T19:58:37Z
faisalman/ua-parser-js,JavaScript,10048,https://github.com/faisalman/ua-parser-js,SUCCESS,NPM/Yarn,True,GitHub Actions,98e0708f2543fdce20f35e5b9c34a43b09e1ed29,2025-02-06T04:42:18Z
fastify/fast-json-stringify,JavaScript,3679,https://github.com/fastify/fast-json-stringify,SUCCESS,NPM/Yarn,True,GitHub Actions,69419afa1eb93ca50b4804e05eb319fba3375b20,2024-12-22T12:05:48Z
fastify/fastify,JavaScript,35602,https://github.com/fastify/fastify,SUCCESS,NPM/Yarn,True,GitHub Actions,c5f4a17b1342470e4de80414164723f812d095a1,2024-12-28T18:07:57Z
fbsamples/messenger-platform-samples,JavaScript,1747,https://github.com/fbsamples/messenger-platform-samples,SUCCESS,Unknown,False,GitHub Actions,4884f315cbd7539b13b748f45bdf5a221826d9e8,2025-05-30T12:44:12Z
feathericons/feather,JavaScript,25815,https://github.com/feathericons/feather,SUCCESS,NPM/Yarn,True,GitHub Actions,3dc050d97405062eba78aa57115c0a15c63abdaa,2025-03-11T02:18:59Z
fengyuanchen/compressorjs,JavaScript,5729,https://github.com/fengyuanchen/compressorjs,SUCCESS,NPM/Yarn,True,GitHub Actions,5844423202d2d76da620df641856abd4e9bbf298,2025-01-05T14:17:28Z
fengyuanchen/viewerjs,JavaScript,8190,https://github.com/fengyuanchen/viewerjs,SUCCESS,NPM/Yarn,True,GitHub Actions,94eb0ce2d9c663dbcc4387527b36e2f4b2852b72,2025-01-05T14:18:15Z
feross/buffer,JavaScript,1880,https://github.com/feross/buffer,NO_CI,NPM/Yarn,True,GitHub Actions,7ffc1e7ab27b60c435e2365f8cfc8b62aa872a41,2025-08-13T00:47:03Z
final-form/react-final-form,JavaScript,7440,https://github.com/final-form/react-final-form,FAILURE,NPM/Yarn,True,GitHub Actions,875f4ce25e04453fb376b57785646958372b79e6,2025-05-26T05:29:57Z
firebase/functions-samples,JavaScript,12233,https://github.com/firebase/functions-samples,SUCCESS,NPM/Yarn,True,GitHub Actions,d2532012d6089677ced06f6a3f14155953847563,2024-11-12T19:06:19Z
flow-typed/flow-typed,JavaScript,3761,https://github.com/flow-typed/flow-typed,SUCCESS,Unknown,False,GitHub Actions,fb53138da45fda087f889c534eb5c9f498273d92,2025-02-21T04:15:02Z
foliojs/pdfkit,JavaScript,10585,https://github.com/foliojs/pdfkit,SUCCESS,NPM/Yarn,True,GitHub Actions,eecfb4c97a8d97f4a6d1d078bd24531e8f8caff9,2024-12-25T06:45:56Z
follow-redirects/follow-redirects,JavaScript,572,https://github.com/follow-redirects/follow-redirects,SUCCESS,NPM/Yarn,True,GitHub Actions,5bc496e0229abda823221e0c6267926a3f93f262,2025-07-31T07:47:31Z
form-data/form-data,JavaScript,2355,https://github.com/form-data/form-data,SUCCESS,NPM/Yarn,True,GitHub Actions,e997b908b4e0337d8c2794561569341122be38dc,2025-02-13T18:00:00Z
FormidableLabs/webpack-stats-plugin,JavaScript,358,https://github.com/FormidableLabs/webpack-stats-plugin,SUCCESS,NPM/Yarn,True,GitHub Actions,4eeef58c50b8cbea41800234e007156d7f7f287d,2025-01-10T16:55:49Z
forwardemail/email-templates,JavaScript,3726,https://github.com/forwardemail/email-templates,SUCCESS,NPM/Yarn,True,GitHub Actions,fb94d09eb9c3ffe9af6167a42850ff486feba23d,2025-02-28T17:53:07Z
Foundry376/Mailspring,JavaScript,17205,https://github.com/Foundry376/Mailspring,NO_CI,NPM/Yarn,True,GitHub Actions,757b82fc012f37509d4c36034175e2fb80843dd7,2024-12-31T23:21:16Z
franciscop/ola,JavaScript,1816,https://github.com/franciscop/ola,SUCCESS,NPM/Yarn,True,GitHub Actions,d8176c563c3a1cb09aebcd5a7d8dcf88493af3f4,2025-03-02T15:40:25Z
franciscop/server,JavaScript,3557,https://github.com/franciscop/server,SUCCESS,NPM/Yarn,True,GitHub Actions,b38a63f2f163c479dbb5ce46d3ea71468b9d422d,2025-07-11T14:02:09Z
frappe/gantt,JavaScript,5836,https://github.com/frappe/gantt,FAILURE,NPM/Yarn,True,GitHub Actions,1d78ec1be90e0171dc0da2e14e57361dc8c8d458,2025-01-09T08:56:07Z
gatsbyjs/gatsby,JavaScript,55965,https://github.com/gatsbyjs/gatsby,PENDING,NPM/Yarn,True,GitHub Actions,cddc252bf4cac57486ed5f5b544d50e4a92ce769,2024-12-17T13:55:45Z
gchq/CyberChef,JavaScript,34010,https://github.com/gchq/CyberChef,FAILURE,NPM/Yarn,True,GitHub Actions,304266020d94ee2b498c508f361bbd91a5019678,2024-12-28T17:20:15Z
getgauge/taiko,JavaScript,3662,https://github.com/getgauge/taiko,SUCCESS,NPM/Yarn,True,GitHub Actions,bf4ac27c7837dfe867ba03247971f9db6b28ff14,2025-01-03T04:37:14Z
micromodal/Micromodal,JavaScript,3621,https://github.com/micromodal/Micromodal,SUCCESS,NPM/Yarn,True,GitHub Actions,a45e3401103653d6f34074bcfaa6e9ae08f29dc2,2025-03-18T13:49:53Z
fregante/GhostText,JavaScript,3569,https://github.com/fregante/GhostText,SUCCESS,NPM/Yarn,True,GitHub Actions,63daa079b651babd532af44df21cca5c6b831f9d,2025-06-04T04:32:07Z
giggio/node-chromedriver,JavaScript,485,https://github.com/giggio/node-chromedriver,SUCCESS,NPM/Yarn,True,GitHub Actions,4e29cc536713da57a3181e7c525d1f4958773fb6,2025-01-08T02:06:49Z
ryanlelek/Raneto,JavaScript,2869,https://github.com/ryanlelek/Raneto,SUCCESS,NPM/Yarn,True,GitHub Actions,a95c7d6353a1ab0e9a1742b57129833e782b68b2,2025-02-02T19:50:57Z
github/hotkey,JavaScript,3293,https://github.com/github/hotkey,FAILURE,NPM/Yarn,True,GitHub Actions,bb3706d7389d8ce75f6a6d082584118a7d122690,2024-10-30T18:32:16Z
github/relative-time-element,JavaScript,3971,https://github.com/github/relative-time-element,SUCCESS,NPM/Yarn,True,GitHub Actions,a80c1bf3fad1703c1c54fb605e422d48bc00b695,2024-12-10T13:26:30Z
gka/chroma.js,JavaScript,10536,https://github.com/gka/chroma.js,FAILURE,NPM/Yarn,True,GitHub Actions,fdab658c5013a924db2cc9c89d9ac1d7d1382cd9,2025-02-05T10:13:47Z
gokrazy/gokrazy,JavaScript,3429,https://github.com/gokrazy/gokrazy,SUCCESS,Unknown,False,GitHub Actions,730ef75b0f9b74584aeda0cf3f8dcfe16125d344,2025-01-21T18:48:34Z
golden-layout/golden-layout,JavaScript,6641,https://github.com/golden-layout/golden-layout,FAILURE,NPM/Yarn,True,GitHub Actions,323aba5747abe9c007fefdf49e325dbbd845686d,2025-12-02T01:47:44Z
google/closure-compiler,JavaScript,7623,https://github.com/google/closure-compiler,SUCCESS,NPM/Yarn,True,GitHub Actions,63dc6c055b039ba54f60f0b24ac1845a58f6ce71,2024-12-26T18:19:24Z
shaka-project/shaka-player,JavaScript,7919,https://github.com/shaka-project/shaka-player,SUCCESS,NPM/Yarn,True,GitHub Actions,fab3faff9304114fc9d228e8cb158d52e4b17143,2024-12-27T14:27:53Z
GoogleChrome/chrome-extensions-samples,JavaScript,17346,https://github.com/GoogleChrome/chrome-extensions-samples,SUCCESS,NPM/Yarn,True,GitHub Actions,692e9a990e837ff1b541c8a676df100970f74bd7,2024-12-24T21:25:29Z
GoogleChrome/lighthouse-ci,JavaScript,6850,https://github.com/GoogleChrome/lighthouse-ci,FAILURE,NPM/Yarn,True,GitHub Actions,de45968a38faf11ca9f7b92dea377f23b84cf820,2024-10-28T19:18:49Z
GoogleChrome/lighthouse,JavaScript,29794,https://github.com/GoogleChrome/lighthouse,SUCCESS,NPM/Yarn,True,GitHub Actions,240102e547f7d17bb607a3cb314b57ac0ca0225d,2024-12-12T23:50:15Z
GoogleChrome/workbox,JavaScript,12879,https://github.com/GoogleChrome/workbox,FAILURE,NPM/Yarn,True,GitHub Actions,9c73193406c45423b24a404e4b77c30a2e8759f8,2024-12-11T17:00:15Z
GoogleChromeLabs/ProjectVisBug,JavaScript,5698,https://github.com/GoogleChromeLabs/ProjectVisBug,SUCCESS,NPM/Yarn,True,GitHub Actions,382ecff58dec46b5e1c21e9d1801c4a58afda599,2024-11-15T19:19:28Z
GoogleChromeLabs/quicklink,JavaScript,11229,https://github.com/GoogleChromeLabs/quicklink,SUCCESS,NPM/Yarn,True,GitHub Actions,fe54c79b3fa53a0a9e24c8f3588e82b061bf25c3,2025-03-24T05:55:15Z
GoogleCloudPlatform/nodejs-docs-samples,JavaScript,2951,https://github.com/GoogleCloudPlatform/nodejs-docs-samples,FAILURE,NPM/Yarn,True,GitHub Actions,d7fb7e2d4ae47f749f1a52c8c6d7b996f0e1b233,2024-12-24T01:45:26Z
gorhill/uBlock,JavaScript,61433,https://github.com/gorhill/uBlock,SUCCESS,NPM/Yarn,True,GitHub Actions,42638f0e446e4535272ed6d46911e3320336fc84,2024-12-25T19:26:00Z
graphite-project/graphite-web,JavaScript,6067,https://github.com/graphite-project/graphite-web,SUCCESS,Unknown,False,GitHub Actions,bfd6c45afaefdacd9c15e6a109ffa06d7a26bc47,2025-02-02T10:53:53Z
graphql/dataloader,JavaScript,13573,https://github.com/graphql/dataloader,SUCCESS,NPM/Yarn,True,GitHub Actions,d4f559500848d9894b785b0e35e0aaff89d5c350,2025-11-24T18:27:16Z
graphql/graphql-spec,JavaScript,14779,https://github.com/graphql/graphql-spec,FAILURE,NPM/Yarn,True,GitHub Actions,e9ac8c8ce46fda6759a29adc61949b9b9356344a,2025-02-06T23:13:42Z
grpc/grpc-web,JavaScript,9177,https://github.com/grpc/grpc-web,SUCCESS,Unknown,False,GitHub Actions,b5ff5d303df6be0f0899010da613a3d53aad0fe1,2025-01-14T23:37:09Z
gruntjs/grunt-contrib-clean,JavaScript,509,https://github.com/gruntjs/grunt-contrib-clean,NO_CI,NPM/Yarn,True,GitHub Actions,06d20dbf4068ca6dd89e3870bd44869eba607dd6,2026-02-23T15:31:08Z
gruntjs/grunt-contrib-connect,JavaScript,709,https://github.com/gruntjs/grunt-contrib-connect,SUCCESS,NPM/Yarn,True,GitHub Actions,76f104321d2543db5a25b55f517b9f9dbe903d9b,2025-11-02T16:51:08Z
gruntjs/grunt-contrib-cssmin,JavaScript,791,https://github.com/gruntjs/grunt-contrib-cssmin,NO_CI,NPM/Yarn,True,GitHub Actions,174e29377f262ef23ddeb9df8d5e0382285a7914,2026-02-23T15:31:33Z
gruntjs/grunt-contrib-jshint,JavaScript,706,https://github.com/gruntjs/grunt-contrib-jshint,SUCCESS,NPM/Yarn,True,GitHub Actions,eb2ac26b6a125b703588bc380259095d68c8ea90,2025-12-28T06:36:12Z
gruntjs/grunt,JavaScript,12262,https://github.com/gruntjs/grunt,SUCCESS,NPM/Yarn,True,GitHub Actions,b5aa8342f393f21fecb9c983e0208d9da2340cfa,2025-10-16T19:01:42Z
googleworkspace/apps-script-samples,JavaScript,5061,https://github.com/googleworkspace/apps-script-samples,FAILURE,NPM/Yarn,True,GitHub Actions,1e5f10a12efd3655c29a3e96feb7570ef4534d88,2024-10-24T16:35:37Z
gulp-community/gulp-header,JavaScript,106,https://github.com/gulp-community/gulp-header,SUCCESS,NPM/Yarn,True,GitHub Actions,bd7360a3c889cd97a286eb36cdafc8319365512a,2025-06-30T17:01:10Z
gulpjs/flagged-respawn,JavaScript,21,https://github.com/gulpjs/flagged-respawn,SUCCESS,NPM/Yarn,True,GitHub Actions,d7c98ad3e6c24b4f8d2bd1560a8798d0fa410d7d,2025-12-29T21:19:45Z
gulpjs/glob-stream,JavaScript,180,https://github.com/gulpjs/glob-stream,FAILURE,NPM/Yarn,True,GitHub Actions,74a1bee23f4a1e62fad9d4152d4fb5b634fb6446,2025-06-01T04:20:57Z
gulpjs/gulp,JavaScript,33020,https://github.com/gulpjs/gulp,FAILURE,NPM/Yarn,True,GitHub Actions,c90e79ebcdb697466fb15c127665fa8f57f7f2c0,2025-06-01T21:18:34Z
gulpjs/vinyl-fs,JavaScript,974,https://github.com/gulpjs/vinyl-fs,SUCCESS,NPM/Yarn,True,GitHub Actions,cdb38b7469b8d85327c9b88567a6e499a7188c0e,2025-06-01T00:30:40Z
gulpjs/vinyl,JavaScript,1293,https://github.com/gulpjs/vinyl,SUCCESS,NPM/Yarn,True,GitHub Actions,2a12841148c4d47f19688df6d70af36848ce868b,2025-05-31T22:29:12Z
h5bp/html5-boilerplate,JavaScript,57392,https://github.com/h5bp/html5-boilerplate,SUCCESS,NPM/Yarn,True,GitHub Actions,b99ebd644acaf36d14a434c67022c542dba72186,2025-09-17T13:35:06Z
HabitRPG/habitica,JavaScript,13669,https://github.com/HabitRPG/habitica,SUCCESS,NPM/Yarn,True,GitHub Actions,ff2b4add8b6b473f770542c88de6038b5afc3736,2024-12-30T15:06:20Z
hackmdio/codimd,JavaScript,9966,https://github.com/hackmdio/codimd,SUCCESS,NPM/Yarn,True,GitHub Actions,da511d0b1661e1f496e700bda35dc2b127dd456e,2024-06-18T03:41:01Z
hakimel/reveal.js,JavaScript,70537,https://github.com/hakimel/reveal.js,SUCCESS,NPM/Yarn,True,GitHub Actions,6527f4d9124fae9256a5bbc7f04db449835e59db,2025-01-13T12:13:30Z
handsontable/handsontable,JavaScript,21781,https://github.com/handsontable/handsontable,SUCCESS,NPM/Yarn,True,GitHub Actions,138520bc7e8aaabd450af62ae3131918f014c870,2025-01-02T12:40:59Z
hapijs/hapi,JavaScript,14765,https://github.com/hapijs/hapi,SUCCESS,NPM/Yarn,True,GitHub Actions,eb3d60a9b2420c688a372ff083f229055137aa2e,2025-03-01T09:19:04Z
hapijs/hoek,JavaScript,483,https://github.com/hapijs/hoek,SUCCESS,NPM/Yarn,True,GitHub Actions,7ac0c0c698f565496c02801cba282b9324ccced2,2025-03-12T14:46:03Z
hapijs/joi,JavaScript,21203,https://github.com/hapijs/joi,SUCCESS,NPM/Yarn,True,GitHub Actions,5685db766f6a2261c3c1839a56c3b879c3cf5a0a,2025-03-12T16:00:32Z
haraka/Haraka,JavaScript,5568,https://github.com/haraka/Haraka,SUCCESS,NPM/Yarn,True,GitHub Actions,f4fc6e7bafb3a4d9bbb03012d5a821be9207d30d,2025-01-01T16:00:08Z
ohmjs/ohm,JavaScript,5449,https://github.com/ohmjs/ohm,SUCCESS,NPM/Yarn,True,GitHub Actions,5a6a3bd96bba58f162a82481c1ebb5b5ca3b504a,2025-05-09T14:11:35Z
helmetjs/hpkp,JavaScript,30,https://github.com/helmetjs/hpkp,SUCCESS,NPM/Yarn,True,GitHub Actions,d018aceca01bc906bbd7b77d461b64304454c84c,2025-07-22T15:50:03Z
hexojs/hexo-generator-archive,JavaScript,36,https://github.com/hexojs/hexo-generator-archive,SUCCESS,NPM/Yarn,True,GitHub Actions,35ec6e0ad7dafdbfa5358c8f516a1b2ae69195f0,2025-02-06T13:13:37Z
hexojs/hexo-generator-category,JavaScript,28,https://github.com/hexojs/hexo-generator-category,SUCCESS,NPM/Yarn,True,GitHub Actions,e6cfa8e257f78359e17c5b2ce42f05a5d9e44663,2024-01-04T00:26:09Z
hexojs/hexo-generator-index,JavaScript,54,https://github.com/hexojs/hexo-generator-index,SUCCESS,NPM/Yarn,True,GitHub Actions,d4f6c8b91bc26ccba7fd52d08a9a3be2ab5f937b,2025-02-06T13:13:14Z
hexojs/hexo-generator-tag,JavaScript,32,https://github.com/hexojs/hexo-generator-tag,SUCCESS,NPM/Yarn,True,GitHub Actions,c1f7baf90247bd80e8ef7d6b90b5a30213cfbc2d,2024-04-06T02:20:25Z
hexojs/hexo-renderer-ejs,JavaScript,51,https://github.com/hexojs/hexo-renderer-ejs,SUCCESS,NPM/Yarn,True,GitHub Actions,9bc83786e8f063288e32f003d916d8f243ebe65f,2024-07-15T21:19:53Z
hexojs/hexo-renderer-marked,JavaScript,185,https://github.com/hexojs/hexo-renderer-marked,SUCCESS,NPM/Yarn,True,GitHub Actions,b6b5b2220d157262ae26bef40cfb204ddfbd4e42,2024-12-30T01:47:51Z
hexojs/hexo-renderer-stylus,JavaScript,18,https://github.com/hexojs/hexo-renderer-stylus,SUCCESS,NPM/Yarn,True,GitHub Actions,8de1b3bdf732cb2bb5873a3320450ffee4054c09,2025-08-16T00:22:24Z
hexojs/hexo-server,JavaScript,83,https://github.com/hexojs/hexo-server,FAILURE,NPM/Yarn,True,GitHub Actions,fa4ec6daefe8b8ade19246f5615c9a10c1ee285b,2025-02-14T03:10:07Z
highlightjs/highlight.js,JavaScript,24823,https://github.com/highlightjs/highlight.js,SUCCESS,NPM/Yarn,True,GitHub Actions,c5b6ad51f39e97c2331a7fad943a907eaa3bb50a,2024-12-25T17:49:49Z
honestbleeps/Reddit-Enhancement-Suite,JavaScript,4393,https://github.com/honestbleeps/Reddit-Enhancement-Suite,SUCCESS,NPM/Yarn,True,GitHub Actions,569c32ba0f6216adf1131ec6dc2b6ad8312996b7,2025-01-05T18:53:45Z
hotoo/pinyin,JavaScript,7791,https://github.com/hotoo/pinyin,FAILURE,NPM/Yarn,True,GitHub Actions,c484fbf24b80b6963df0df47657b8915681f5da9,2024-12-30T04:06:30Z
hound-search/hound,JavaScript,5815,https://github.com/hound-search/hound,SUCCESS,NPM/Yarn,True,GitHub Actions,25789436ec6ff3e8d503abe0022e34fcedffad4b,2025-12-02T00:21:12Z
hparra/gulp-rename,JavaScript,686,https://github.com/hparra/gulp-rename,FAILURE,NPM/Yarn,True,GitHub Actions,976d8e416a60d8978705a316054ecd67e549660c,2025-06-26T05:08:14Z
htmlhint/HTMLHint,JavaScript,3319,https://github.com/htmlhint/HTMLHint,SUCCESS,NPM/Yarn,True,GitHub Actions,4d30ddc2a6e79b7335bb899e6a937dbfd25403e2,2025-03-11T00:22:47Z
http-party/http-server,JavaScript,14161,https://github.com/http-party/http-server,SUCCESS,NPM/Yarn,True,GitHub Actions,791aff14e1c385007894d4b9741f0e6acb45be06,2025-03-01T20:51:38Z
http-party/node-portfinder,JavaScript,897,https://github.com/http-party/node-portfinder,SUCCESS,NPM/Yarn,True,GitHub Actions,0d2730bdffc05b12f822a5e51dd52884096e63d7,2025-02-26T21:14:40Z
hubotio/hubot,JavaScript,16776,https://github.com/hubotio/hubot,SUCCESS,NPM/Yarn,True,GitHub Actions,9c2ca31d7ad5886c620801bf2eb536d5b01bbfda,2024-11-21T12:01:27Z
hughsk/flat,JavaScript,1815,https://github.com/hughsk/flat,SUCCESS,NPM/Yarn,True,GitHub Actions,e35c4b5c49e581a2b68494948d6e4956549259a9,2025-11-15T10:51:44Z
HumbleSoftware/Flotr2,JavaScript,2442,https://github.com/HumbleSoftware/Flotr2,NO_CI,NPM/Yarn,True,GitHub Actions,a6429f5bc323b0abba2fe73d4a994596a97b72ae,2025-08-21T00:40:39Z
owenashurst/agar.io-clone,JavaScript,2954,https://github.com/owenashurst/agar.io-clone,SUCCESS,NPM/Yarn,True,GitHub Actions,bb8f46a07157b89601cefad47de7a7c3a401e756,2025-04-30T10:02:11Z
hybridsjs/hybrids,JavaScript,3168,https://github.com/hybridsjs/hybrids,SUCCESS,NPM/Yarn,True,GitHub Actions,10025dee8befa480787923aaae7d1883f7b16a89,2025-01-08T10:12:43Z
i18next/i18next,JavaScript,8470,https://github.com/i18next/i18next,SUCCESS,NPM/Yarn,True,GitHub Actions,e5170ad9d024c4279e8682a21f741491316ccd9e,2024-09-09T14:44:41Z
i18next/react-i18next,JavaScript,9901,https://github.com/i18next/react-i18next,SUCCESS,NPM/Yarn,True,GitHub Actions,26616eba2fdbf2813f6514c5883dcda7c769d5ae,2024-12-29T12:29:40Z
iamkun/dayjs,JavaScript,48543,https://github.com/iamkun/dayjs,SUCCESS,NPM/Yarn,True,GitHub Actions,c8a26460d89a2ee9a7d3b9cafa124ea856ee883f,2025-06-26T05:16:12Z
illuspas/Node-Media-Server,JavaScript,6222,https://github.com/illuspas/Node-Media-Server,NO_CI,NPM/Yarn,True,GitHub Actions,5aa1f83c8a53c5eb0212ff41d4eac3564fce86ec,2025-03-16T03:34:48Z
imagemin/imagemin-svgo,JavaScript,129,https://github.com/imagemin/imagemin-svgo,NO_CI,NPM/Yarn,True,GitHub Actions,911b98c96eae6e06513d2d01d143262ed33c294a,2026-02-24T16:13:39Z
imagemin/imagemin,JavaScript,5720,https://github.com/imagemin/imagemin,SUCCESS,NPM/Yarn,True,GitHub Actions,4094594644b7db80adb1dcc8dd85f6c8fa7f8c22,2025-03-07T09:10:20Z
imba/imba,JavaScript,6488,https://github.com/imba/imba,FAILURE,NPM/Yarn,True,GitHub Actions,fdd196a1fc5154000fb84e471663d6523bd05de8,2025-08-14T09:44:58Z
imbrn/v8n,JavaScript,4155,https://github.com/imbrn/v8n,SUCCESS,NPM/Yarn,True,GitHub Actions,701ebbe7ec75e426ad94fbc3574144ab159bf06d,2025-01-01T14:55:40Z
immerjs/immer,JavaScript,28874,https://github.com/immerjs/immer,SUCCESS,NPM/Yarn,True,GitHub Actions,857b4b770347d1a502ed01bbdd3166e8b2be1004,2025-09-01T18:05:06Z
indexzero/nconf,JavaScript,3865,https://github.com/indexzero/nconf,SUCCESS,NPM/Yarn,True,GitHub Actions,6bb5561d8e43fb36756f092bc86b26bec5e44ca7,2025-03-03T16:49:19Z
indutny/bn.js,JavaScript,1230,https://github.com/indutny/bn.js,SUCCESS,NPM/Yarn,True,GitHub Actions,c7e1a532566c83fd0297ff7669c227b824928bf4,2025-04-25T15:46:35Z
infernojs/inferno,JavaScript,16414,https://github.com/infernojs/inferno,SUCCESS,NPM/Yarn,True,GitHub Actions,ac1154f65a08cc0981600ed2d75364807cce4a27,2024-12-26T11:52:57Z
inspect-js/has-symbols,JavaScript,18,https://github.com/inspect-js/has-symbols,FAILURE,NPM/Yarn,True,GitHub Actions,270f0a67b5f4cb12715e0a84e672aaee64d1b4f1,2024-12-02T16:34:08Z
inspect-js/is-arguments,JavaScript,17,https://github.com/inspect-js/is-arguments,FAILURE,NPM/Yarn,True,GitHub Actions,d81247609b56fa56571d9d74ffc97ed4a3780364,2024-12-13T07:05:14Z
inspect-js/is-boolean-object,JavaScript,8,https://github.com/inspect-js/is-boolean-object,FAILURE,NPM/Yarn,True,GitHub Actions,377d73415b31b5ebc43168a6f5a2ae297ddb4701,2024-12-13T07:28:42Z
inspect-js/is-callable,JavaScript,42,https://github.com/inspect-js/is-callable,SUCCESS,NPM/Yarn,True,GitHub Actions,79f55409989ab125926cd45f53ce076a8c24b805,2025-12-29T22:49:59Z
inspect-js/is-date-object,JavaScript,16,https://github.com/inspect-js/is-date-object,FAILURE,NPM/Yarn,True,GitHub Actions,a22f8d7d60cbddb809da08e4b47ed510b40a2dd9,2024-12-13T00:03:54Z
inspect-js/is-number-object,JavaScript,8,https://github.com/inspect-js/is-number-object,FAILURE,NPM/Yarn,True,GitHub Actions,faf886f4703b8d38c1aef8a6117b9c6977eed1e5,2024-12-16T02:59:10Z
inspect-js/is-regex,JavaScript,24,https://github.com/inspect-js/is-regex,FAILURE,NPM/Yarn,True,GitHub Actions,7c5a8cf9456d3cfe5e905bc620acb0e1bad61812,2024-12-12T05:44:01Z
inspect-js/is-string,JavaScript,22,https://github.com/inspect-js/is-string,FAILURE,NPM/Yarn,True,GitHub Actions,fbbcdaed74d18b6b6899b0a6e6310f5ce31d70c7,2024-12-16T02:58:53Z
inspect-js/is-symbol,JavaScript,19,https://github.com/inspect-js/is-symbol,FAILURE,NPM/Yarn,True,GitHub Actions,db70b773b88a5b43995bea9540d0398773170ed8,2024-12-13T07:37:33Z
inspect-js/object-inspect,JavaScript,160,https://github.com/inspect-js/object-inspect,SUCCESS,NPM/Yarn,True,GitHub Actions,361db0752858a3e195260c54448c1169a96d8a1a,2024-11-09T00:57:15Z
Intellicode/eslint-plugin-react-native,JavaScript,761,https://github.com/Intellicode/eslint-plugin-react-native,SUCCESS,NPM/Yarn,True,GitHub Actions,8501bce65b932b3cb171085df5dea2c1bd03cc9d,2024-12-30T20:18:40Z
jquense/react-big-calendar,JavaScript,8646,https://github.com/jquense/react-big-calendar,NO_CI,NPM/Yarn,True,GitHub Actions,4d39499d0dc2803d8cf38a2d4036cbdb3c1a0b93,2025-02-24T21:26:14Z
ipfs/awesome-ipfs,JavaScript,4551,https://github.com/ipfs/awesome-ipfs,SUCCESS,NPM/Yarn,True,GitHub Actions,61ba2b3abb568a8390f0b9415338920f7b627ee1,2025-01-01T07:04:11Z
npm/abbrev-js,JavaScript,167,https://github.com/npm/abbrev-js,SUCCESS,NPM/Yarn,True,GitHub Actions,89e72e322083708922f259dc5f3635237527c41e,2024-09-24T18:59:51Z
isaacs/minimatch,JavaScript,3459,https://github.com/isaacs/minimatch,FAILURE,NPM/Yarn,True,GitHub Actions,b0e75143457a79a6625d46658c7031601e014e4a,2025-10-01T20:27:00Z
isaacs/minizlib,JavaScript,84,https://github.com/isaacs/minizlib,FAILURE,NPM/Yarn,True,GitHub Actions,c77e92c29633b2a5bd19c9912c4c72929523540b,2025-03-31T16:39:32Z
isaacs/sax-js,JavaScript,1137,https://github.com/isaacs/sax-js,SUCCESS,NPM/Yarn,True,GitHub Actions,70b6c2d4a2c187519c0949ab55ebc781fc0d9091,2025-11-03T17:18:00Z
isomorphic-git/isomorphic-git,JavaScript,8079,https://github.com/isomorphic-git/isomorphic-git,SUCCESS,NPM/Yarn,True,GitHub Actions,205956cfc381a835ad7bc8f545dd0935f6cffa65,2024-12-26T12:21:30Z
istanbuljs/babel-plugin-istanbul,JavaScript,654,https://github.com/istanbuljs/babel-plugin-istanbul,FAILURE,NPM/Yarn,True,GitHub Actions,f298957935b975042d09f86986ad9c4a6a3e529e,2025-09-05T16:24:24Z
istanbuljs/istanbuljs,JavaScript,1091,https://github.com/istanbuljs/istanbuljs,SUCCESS,NPM/Yarn,True,GitHub Actions,39c0fd1c45c8e2300bd724f91989bbffe60422a6,2025-08-18T11:59:03Z
istanbuljs/nyc,JavaScript,5742,https://github.com/istanbuljs/nyc,NO_CI,NPM/Yarn,True,GitHub Actions,07077290cac3bd38d3e9a99eee535fa62438e252,2026-02-22T21:15:53Z
jackocnr/intl-tel-input,JavaScript,8163,https://github.com/jackocnr/intl-tel-input,SUCCESS,NPM/Yarn,True,GitHub Actions,d159ba222aad3f2f21fe28a4f80590bc84ffe0fa,2025-09-04T08:09:22Z
jakearchibald/svgomg,JavaScript,6115,https://github.com/jakearchibald/svgomg,SUCCESS,NPM/Yarn,True,GitHub Actions,f925656d40a507c512bf95ee14ad16445a4ad3ed,2025-09-29T08:30:27Z
jantimon/html-webpack-plugin,JavaScript,10746,https://github.com/jantimon/html-webpack-plugin,SUCCESS,NPM/Yarn,True,GitHub Actions,5ec703d11efa1c7c87677557a9adae2cf50210cb,2025-07-29T12:36:48Z
jashkenas/backbone,JavaScript,28115,https://github.com/jashkenas/backbone,FAILURE,NPM/Yarn,True,GitHub Actions,50eb8a2c2a2a52be17070c22cc3655d0266bbba3,2025-03-31T00:14:21Z
jashkenas/underscore,JavaScript,27381,https://github.com/jashkenas/underscore,SUCCESS,NPM/Yarn,True,GitHub Actions,f8db7b9114b96c66fa2e32e2f86dfd063d224884,2026-01-28T22:43:41Z
jasmine/jasmine,JavaScript,15848,https://github.com/jasmine/jasmine,SUCCESS,NPM/Yarn,True,GitHub Actions,7683325d687d559d68dcc856aa99c88830aec801,2024-12-31T18:10:40Z
jasonlong/isometric-contributions,JavaScript,3640,https://github.com/jasonlong/isometric-contributions,SUCCESS,NPM/Yarn,True,GitHub Actions,aa91a7dbd9c4f8b547a04aff1cba10b9d61945dc,2025-03-24T12:36:31Z
javve/list.js,JavaScript,11249,https://github.com/javve/list.js,SUCCESS,NPM/Yarn,True,GitHub Actions,44ae2396072a617f6a418b5d10c5adbcbc34842f,2025-04-25T04:48:12Z
jaywcjlove/awesome-mac,JavaScript,98677,https://github.com/jaywcjlove/awesome-mac,SUCCESS,NPM/Yarn,True,GitHub Actions,8d59a491273aa07e152cdba16a5b5d5eedff1b56,2024-12-27T02:59:53Z
jcubic/jquery.terminal,JavaScript,3224,https://github.com/jcubic/jquery.terminal,SUCCESS,NPM/Yarn,True,GitHub Actions,468a247c9907864c435354532e844a4f86e4a006,2024-12-28T19:42:35Z
JedWatson/classnames,JavaScript,17824,https://github.com/JedWatson/classnames,SUCCESS,NPM/Yarn,True,GitHub Actions,9c3ca9805fa2453edc04bade9179b13b527c9053,2025-01-06T13:57:58Z
jekyll/jekyll-admin,JavaScript,2923,https://github.com/jekyll/jekyll-admin,SUCCESS,NPM/Yarn,True,GitHub Actions,2758d916339f731840430e7885503774b70dec33,2025-02-21T13:48:10Z
jeremykenedy/laravel-auth,JavaScript,3052,https://github.com/jeremykenedy/laravel-auth,FAILURE,NPM/Yarn,True,GitHub Actions,f517919989dfff1836fe15b42ae0e0a3c6643925,2025-10-21T06:24:18Z
TiddlyWiki/TiddlyWiki5,JavaScript,8547,https://github.com/TiddlyWiki/TiddlyWiki5,SUCCESS,NPM/Yarn,True,GitHub Actions,54f0c4fa34eac2803b84efaf79916f407f688b24,2024-12-26T12:14:35Z
jfromaniello/url-join,JavaScript,365,https://github.com/jfromaniello/url-join,SUCCESS,NPM/Yarn,True,GitHub Actions,92a86879c0cacaef0ebbc32806046ea9b5177225,2025-08-19T10:42:13Z
jgraph/drawio-desktop,JavaScript,59391,https://github.com/jgraph/drawio-desktop,NO_CI,NPM/Yarn,True,GitHub Actions,96fa402e561f3832701ebf04a071c0dbc5860fc8,2025-01-03T12:19:13Z
jgraph/drawio,JavaScript,3541,https://github.com/jgraph/drawio,SUCCESS,Unknown,False,GitHub Actions,1c77a6165b45ae88c6c1e7406899c6f8820fc340,2024-12-27T16:31:11Z
jhnns/rewire,JavaScript,3095,https://github.com/jhnns/rewire,SUCCESS,NPM/Yarn,True,GitHub Actions,437d4d9293c824f9218cbe7b7245770d44f2143a,2025-06-03T22:37:39Z
JLHwung/postcss-font-family-system-ui,JavaScript,95,https://github.com/JLHwung/postcss-font-family-system-ui,SUCCESS,NPM/Yarn,True,GitHub Actions,d92eefcc5b0ada4bbf42bdb8c245a81730029e14,2026-01-22T21:53:05Z
joeferner/redis-commander,JavaScript,3958,https://github.com/joeferner/redis-commander,SUCCESS,NPM/Yarn,True,GitHub Actions,2158060aef0364d7fbfa3d0315e7a672e0c2ac3b,2025-01-22T17:59:42Z
csstools/postcss-color-mod-function,JavaScript,95,https://github.com/csstools/postcss-color-mod-function,SUCCESS,NPM/Yarn,True,GitHub Actions,e898548e6c72e24698b4150e2af924f1dfb241de,2024-12-27T18:14:28Z
jonobr1/two.js,JavaScript,8602,https://github.com/jonobr1/two.js,SUCCESS,NPM/Yarn,True,GitHub Actions,0050ec791b958bfbdb29af52d46893c831faf06c,2024-12-27T23:14:30Z
jorgebucaran/hyperapp,JavaScript,19219,https://github.com/jorgebucaran/hyperapp,SUCCESS,NPM/Yarn,True,GitHub Actions,a039d63936f1e7c72b97c10b7f693a771961afa9,2025-01-25T01:41:30Z
josdejong/jsoneditor,JavaScript,12185,https://github.com/josdejong/jsoneditor,SUCCESS,NPM/Yarn,True,GitHub Actions,f6eab705a66208330aef6703a9541cd2ca4742e2,2025-01-06T08:32:16Z
josdejong/mathjs,JavaScript,15002,https://github.com/josdejong/mathjs,SUCCESS,NPM/Yarn,True,GitHub Actions,29abd1701b354e215cdeb8ef9dda57dfa16c78ee,2025-01-06T08:31:00Z
WiseLibs/better-sqlite3,JavaScript,6919,https://github.com/WiseLibs/better-sqlite3,SUCCESS,NPM/Yarn,True,GitHub Actions,08eb06db5d7c0e87476546cb2329b5b41a7bec57,2024-12-27T19:07:14Z
jprichardson/node-fs-extra,JavaScript,9617,https://github.com/jprichardson/node-fs-extra,SUCCESS,NPM/Yarn,True,GitHub Actions,e75b9bf3a0827a5052143f48b81fe80cf478bd76,2025-01-14T16:52:45Z
jprichardson/node-jsonfile,JavaScript,1209,https://github.com/jprichardson/node-jsonfile,SUCCESS,NPM/Yarn,True,GitHub Actions,9687957098ce48cd1a70a14dcc206a47f59d31ea,2025-08-09T17:23:43Z
jquery-validation/jquery-validation,JavaScript,10345,https://github.com/jquery-validation/jquery-validation,SUCCESS,NPM/Yarn,True,GitHub Actions,07d2594c8201863ea03d901551fb0f17cf11b3c7,2025-06-12T10:20:12Z
jquery/jquery-color,JavaScript,1645,https://github.com/jquery/jquery-color,SUCCESS,NPM/Yarn,True,GitHub Actions,53b498c08aef3964099b48c9bf444ef964d20cf6,2025-03-10T14:30:04Z
jquery/jquery-migrate,JavaScript,2076,https://github.com/jquery/jquery-migrate,SUCCESS,NPM/Yarn,True,GitHub Actions,758a93fb4c3fa50e0d89aa3d4d57b795771582cb,2025-01-02T22:27:34Z
jquery/jquery-mousewheel,JavaScript,3917,https://github.com/jquery/jquery-mousewheel,SUCCESS,NPM/Yarn,True,GitHub Actions,08011dca6e5738e039a86e3498437127567c6ce7,2025-03-13T15:55:27Z
jquery/jquery-ui,JavaScript,11347,https://github.com/jquery/jquery-ui,SUCCESS,NPM/Yarn,True,GitHub Actions,44b0b0af50999a86c30fb9a48214bf5a333527af,2025-01-10T13:56:20Z
jquery/jquery,JavaScript,59844,https://github.com/jquery/jquery,SUCCESS,NPM/Yarn,True,GitHub Actions,733e62d20328dd3e5b226fd9793b159637d922b8,2025-01-14T03:36:10Z
jquery/sizzle,JavaScript,6310,https://github.com/jquery/sizzle,SUCCESS,NPM/Yarn,True,GitHub Actions,aec9caa8a4e545b28db63ea0e212b46e53a4cf89,2026-01-14T16:58:46Z
gulpjs/liftoff,JavaScript,847,https://github.com/gulpjs/liftoff,SUCCESS,NPM/Yarn,True,GitHub Actions,1c54ffb39dfd798c58fc036701edcb6d5234027c,2025-06-01T19:04:03Z
js-cookie/js-cookie,JavaScript,22840,https://github.com/js-cookie/js-cookie,SUCCESS,NPM/Yarn,True,GitHub Actions,64379b322b2ee2a594c71503be893f2b510de6a1,2025-11-18T09:44:58Z
js-org/js.org,JavaScript,5686,https://github.com/js-org/js.org,SUCCESS,Unknown,False,GitHub Actions,d23304b779175768f8284679c9f3c1159b450e7c,2024-12-30T07:35:45Z
jsdoc/jsdoc,JavaScript,15410,https://github.com/jsdoc/jsdoc,SUCCESS,NPM/Yarn,True,GitHub Actions,a3d67f77a934de0e74486ce7c6ef128804dbb1de,2024-12-29T13:07:54Z
jsdom/cssstyle,JavaScript,128,https://github.com/jsdom/cssstyle,SUCCESS,NPM/Yarn,True,GitHub Actions,bab4fcd31dc89f4f70abafce3debcfd366c4e51f,2025-01-09T04:58:04Z
jsdom/data-urls,JavaScript,75,https://github.com/jsdom/data-urls,SUCCESS,NPM/Yarn,True,GitHub Actions,0e03e13a8ca37931bc1a56a05d41bae60425e6e1,2025-09-13T04:00:05Z
jsdom/html-encoding-sniffer,JavaScript,21,https://github.com/jsdom/html-encoding-sniffer,SUCCESS,NPM/Yarn,True,GitHub Actions,c77e7e465fb6dd2ab759e1b0d198548dbc32c873,2025-12-23T04:53:15Z
jsdom/jsdom,JavaScript,21472,https://github.com/jsdom/jsdom,SUCCESS,NPM/Yarn,True,GitHub Actions,7cc3500a2a3b93cf90079e0da40e151334893503,2025-01-09T03:43:28Z
jsdom/webidl-conversions,JavaScript,41,https://github.com/jsdom/webidl-conversions,SUCCESS,NPM/Yarn,True,GitHub Actions,0325ad147f5f6bde45bfc203fe24cc424f5a0caa,2025-09-08T05:39:58Z
jsdom/whatwg-mimetype,JavaScript,93,https://github.com/jsdom/whatwg-mimetype,SUCCESS,NPM/Yarn,True,GitHub Actions,1c8de95d7fe9b1b75af5a4fe507b3a758fe3ebe9,2025-04-03T01:35:35Z
jsdom/whatwg-url,JavaScript,412,https://github.com/jsdom/whatwg-url,SUCCESS,NPM/Yarn,True,GitHub Actions,834cef8409a8d021290a0fdd1f70772618f56c56,2025-02-09T07:50:04Z
Choices-js/Choices,JavaScript,6751,https://github.com/Choices-js/Choices,SUCCESS,NPM/Yarn,True,GitHub Actions,d6098e69fd82a16ed06193c437d0b026160d7c5b,2025-01-19T18:07:01Z
jshttp/accepts,JavaScript,265,https://github.com/jshttp/accepts,SUCCESS,NPM/Yarn,True,GitHub Actions,9ca1d01913471296c3d7182489ad52f0beaf3664,2025-01-02T07:01:18Z
jshttp/basic-auth,JavaScript,706,https://github.com/jshttp/basic-auth,SUCCESS,NPM/Yarn,True,GitHub Actions,8117cc22d2deecb6bd62c42815f3286de06c8aa4,2025-01-02T07:01:34Z
jshttp/compressible,JavaScript,100,https://github.com/jshttp/compressible,SUCCESS,NPM/Yarn,True,GitHub Actions,f18b0816bd1a0ef92273ad030323d43bf9cfe18c,2025-06-05T13:21:46Z
jshttp/content-disposition,JavaScript,237,https://github.com/jshttp/content-disposition,SUCCESS,NPM/Yarn,True,GitHub Actions,1a541ad5b1e51e868e07b60f2079d5bb43e38ae3,2025-01-02T07:00:49Z
jshttp/content-type,JavaScript,142,https://github.com/jshttp/content-type,SUCCESS,NPM/Yarn,True,GitHub Actions,702882722c02fad7c67af4ef5705c26a64a84383,2026-01-07T14:44:49Z
jshttp/etag,JavaScript,266,https://github.com/jshttp/etag,FAILURE,NPM/Yarn,True,GitHub Actions,c66bc806657db2be0d6476424e534d045c95afcd,2025-01-02T07:01:04Z
jshttp/forwarded,JavaScript,58,https://github.com/jshttp/forwarded,FAILURE,NPM/Yarn,True,GitHub Actions,a2c8c86c99b150fa536c3f37c0c167fa3be7744f,2025-02-20T16:32:17Z
jshttp/fresh,JavaScript,163,https://github.com/jshttp/fresh,FAILURE,NPM/Yarn,True,GitHub Actions,a96e89125ea62bd4cb153abbe382190b83357bcd,2025-03-17T19:17:32Z
jshttp/http-assert,JavaScript,155,https://github.com/jshttp/http-assert,SUCCESS,NPM/Yarn,True,GitHub Actions,c4d140ea1d8aa37f40a36f49f76af2735ff61416,2025-06-05T13:20:37Z
jshttp/http-errors,JavaScript,1554,https://github.com/jshttp/http-errors,SUCCESS,NPM/Yarn,True,GitHub Actions,a56fde93a685a5b43ef31f058e8f01a5d7c6c792,2025-02-05T22:42:11Z
jshttp/media-typer,JavaScript,56,https://github.com/jshttp/media-typer,FAILURE,NPM/Yarn,True,GitHub Actions,7ad181a790e74c3516af6a5493ad4de9bcbfbc45,2025-06-05T13:51:29Z
jshttp/mime-db,JavaScript,1219,https://github.com/jshttp/mime-db,SUCCESS,NPM/Yarn,True,GitHub Actions,367749f16b57bd233696b8937cd9b3d0e731e65e,2025-12-03T08:10:19Z
jshttp/mime-types,JavaScript,1446,https://github.com/jshttp/mime-types,SUCCESS,NPM/Yarn,True,GitHub Actions,086d3e7be7f84809eefc439e0ea2b83f2838fb45,2025-01-02T07:01:47Z
jshttp/negotiator,JavaScript,377,https://github.com/jshttp/negotiator,SUCCESS,NPM/Yarn,True,GitHub Actions,89bcd32e27be6484bf6642ae011d80c07866013f,2025-06-05T13:15:14Z
jshttp/on-finished,JavaScript,403,https://github.com/jshttp/on-finished,SUCCESS,NPM/Yarn,True,GitHub Actions,d5b1fad12e2c555591da1afc00e7967836aac78f,2025-05-18T16:13:23Z
jshttp/on-headers,JavaScript,162,https://github.com/jshttp/on-headers,SUCCESS,NPM/Yarn,True,GitHub Actions,1a38c543e75cd06217b449531de10b1758e35299,2025-06-05T13:22:56Z
jshttp/proxy-addr,JavaScript,137,https://github.com/jshttp/proxy-addr,SUCCESS,NPM/Yarn,True,GitHub Actions,fcdd104b8c8564866f9fcc89e3dc22d00a265d35,2025-06-02T10:59:00Z
jshttp/range-parser,JavaScript,93,https://github.com/jshttp/range-parser,FAILURE,NPM/Yarn,True,GitHub Actions,510198523e72b6061e67e0b3ec03b9a5b5a538b4,2025-06-05T13:17:21Z
jshttp/statuses,JavaScript,284,https://github.com/jshttp/statuses,FAILURE,NPM/Yarn,True,GitHub Actions,b7b21ff6ea81746d4eba9b8b9d9abee6565da5be,2025-02-13T08:39:26Z
jshttp/type-is,JavaScript,226,https://github.com/jshttp/type-is,SUCCESS,NPM/Yarn,True,GitHub Actions,5ecc1414eb83609c2df49961c6a3b84e99c7d0e6,2025-03-23T23:36:02Z
jshttp/vary,JavaScript,62,https://github.com/jshttp/vary,SUCCESS,NPM/Yarn,True,GitHub Actions,46e75bde9e96358907c93437885733934b5dd3b5,2025-06-05T13:26:07Z
json-editor/json-editor,JavaScript,4874,https://github.com/json-editor/json-editor,SUCCESS,NPM/Yarn,True,GitHub Actions,99a7c19c6015500f14f583677672215018086c77,2026-02-01T23:52:38Z
json-schema-faker/json-schema-faker,JavaScript,3425,https://github.com/json-schema-faker/json-schema-faker,NO_CI,NPM/Yarn,True,GitHub Actions,2bcb5f007a674cd5db433f89986fbc7f140b215b,2026-02-18T09:20:22Z
json-schema-org/json-schema-spec,JavaScript,4839,https://github.com/json-schema-org/json-schema-spec,SUCCESS,NPM/Yarn,True,GitHub Actions,eec2c4c56daec0bf61c9ddf509073fe78f3b4c95,2025-01-02T23:20:43Z
juliangruber/brace-expansion,JavaScript,201,https://github.com/juliangruber/brace-expansion,SUCCESS,NPM/Yarn,True,GitHub Actions,b01a637b0578a7c59acc7d8386f11f8d0710b512,2023-10-07T13:30:47Z
juliangruber/builtins,JavaScript,37,https://github.com/juliangruber/builtins,SUCCESS,NPM/Yarn,True,GitHub Actions,c463ee9dca6b0a16049a11c1c14ea885bf26ecba,2025-11-23T12:16:27Z
justmoon/node-extend,JavaScript,344,https://github.com/justmoon/node-extend,SUCCESS,NPM/Yarn,True,GitHub Actions,b2deee2be280f98f11fcc6ee31126d90740f97f4,2025-03-06T17:54:14Z
kaelzhang/node-ignore,JavaScript,490,https://github.com/kaelzhang/node-ignore,SUCCESS,NPM/Yarn,True,GitHub Actions,52f8e855b6aca711579c008f38829f48e5a4c78b,2025-01-08T04:34:19Z
karma-runner/karma-jasmine,JavaScript,541,https://github.com/karma-runner/karma-jasmine,SUCCESS,NPM/Yarn,True,GitHub Actions,057bf014c4ff0901a772dca7b04b7aaa5606a179,2024-02-28T03:56:37Z
karma-runner/karma,JavaScript,11972,https://github.com/karma-runner/karma,SUCCESS,NPM/Yarn,True,GitHub Actions,84f85e7016efc2266fa6b3465f494a3fa151c85c,2024-07-29T17:42:11Z
KartikTalwar/gmail.js,JavaScript,3818,https://github.com/KartikTalwar/gmail.js,SUCCESS,NPM/Yarn,True,GitHub Actions,feb9a7b90a80ced435cfbe01bacdebe13eed04a1,2025-01-01T22:48:18Z
KaTeX/KaTeX,JavaScript,19813,https://github.com/KaTeX/KaTeX,SUCCESS,NPM/Yarn,True,GitHub Actions,4228b4eb529b8e35def66cc6e4fa467383b98c86,2024-12-29T14:50:12Z
cerebroapp/cerebro,JavaScript,8528,https://github.com/cerebroapp/cerebro,SUCCESS,NPM/Yarn,True,GitHub Actions,b8bded3ec2301283c2028d0710eded182fbc528e,2025-01-20T12:36:59Z
kevinchappell/formBuilder,JavaScript,2722,https://github.com/kevinchappell/formBuilder,NO_CI,NPM/Yarn,True,GitHub Actions,f6a5bc70800087555827df8886a093f11cd1dcec,2025-05-01T06:28:01Z
spicetify/cli,JavaScript,22114,https://github.com/spicetify/cli,SUCCESS,Unknown,False,GitHub Actions,cfda93b30bcdab47dca26b5f0570dae8b0c8660d,2025-01-24T18:36:38Z
KhronosGroup/Vulkan-Docs,JavaScript,3171,https://github.com/KhronosGroup/Vulkan-Docs,SUCCESS,NPM/Yarn,True,GitHub Actions,9f9fe5848047990219934e441646e42040bc51f9,2025-08-07T14:44:02Z
knex/knex,JavaScript,20207,https://github.com/knex/knex,SUCCESS,NPM/Yarn,True,GitHub Actions,b6507a7129d2b9fafebf5f831494431e64c6a8a0,2025-01-05T17:29:24Z
koajs/compose,JavaScript,1020,https://github.com/koajs/compose,SUCCESS,NPM/Yarn,True,GitHub Actions,9a2a426b32c614835b812ecb8de5af06c6c87f6f,2025-05-25T20:34:55Z
koajs/koa,JavaScript,35735,https://github.com/koajs/koa,SUCCESS,NPM/Yarn,True,GitHub Actions,04429e443657e8f703a0b6e6f24cc10241a4894f,2025-02-27T05:39:51Z
Kong/insomnia-mockbin,JavaScript,2049,https://github.com/Kong/insomnia-mockbin,SUCCESS,NPM/Yarn,True,GitHub Actions,65f568cdb1bfa7ea5554e0fd5b06ef64f0d5bbbf,2025-03-24T10:04:22Z
krakenjs/kraken-js,JavaScript,4929,https://github.com/krakenjs/kraken-js,SUCCESS,NPM/Yarn,True,GitHub Actions,3ab7a7eff93c16aed003f24538b845308dff6a2b,2025-01-31T15:21:49Z
Kristories/awesome-guidelines,JavaScript,10592,https://github.com/Kristories/awesome-guidelines,NO_CI,NPM/Yarn,True,GitHub Actions,a5f817135e1554a1f82663670e415efdedce9011,2025-09-10T06:05:19Z
bowser-js/bowser,JavaScript,5712,https://github.com/bowser-js/bowser,SUCCESS,NPM/Yarn,True,GitHub Actions,8c489bd98b0128ce57edb4cbaf2a398170f2c466,2024-08-12T10:42:09Z
Leaflet/Leaflet,JavaScript,44481,https://github.com/Leaflet/Leaflet,FAILURE,NPM/Yarn,True,GitHub Actions,3d2f2c937c4db71936ddaf911baf0cfa71fa8614,2025-02-28T13:58:51Z
leonardomso/33-js-concepts,JavaScript,66246,https://github.com/leonardomso/33-js-concepts,SUCCESS,NPM/Yarn,True,GitHub Actions,40bf8651b186d8c9d7d87e7885455e2423975b5a,2025-04-27T17:09:53Z
less/less.js,JavaScript,17059,https://github.com/less/less.js,FAILURE,NPM/Yarn,True,GitHub Actions,ab5c82f86f1e04c6eac9d4e1a29526893248b720,2025-01-07T15:22:30Z
electron/node-abi,JavaScript,180,https://github.com/electron/node-abi,SUCCESS,NPM/Yarn,True,GitHub Actions,ad0516892b14f49ef4d0789cea8f4e2529467f30,2025-01-02T04:06:07Z
linuxmint/cinnamon,JavaScript,5281,https://github.com/linuxmint/cinnamon,FAILURE,Unknown,False,GitHub Actions,d8f06dc18d10782412551cc6ef53f7bfbe19f32a,2024-12-26T13:00:43Z
lirantal/dockly,JavaScript,4005,https://github.com/lirantal/dockly,SUCCESS,NPM/Yarn,True,GitHub Actions,221e35c583f9c216f6a55ce80d5140c5682ed253,2024-09-12T17:42:43Z
liriliri/eruda,JavaScript,20736,https://github.com/liriliri/eruda,SUCCESS,NPM/Yarn,True,GitHub Actions,8487dc4a44f314b015b23900a60a3ebdcf22c144,2025-05-08T12:57:06Z
liriliri/licia,JavaScript,2376,https://github.com/liriliri/licia,SUCCESS,NPM/Yarn,True,GitHub Actions,2cd6b51bfdecd64e475251a67c3d86994446b8c1,2025-03-11T02:51:23Z
listen1/listen1_chrome_extension,JavaScript,12027,https://github.com/listen1/listen1_chrome_extension,SUCCESS,NPM/Yarn,True,GitHub Actions,4b82c07be15da53ec8eb5c8d325835882b17b53d,2025-04-01T14:19:40Z
listen1/listen1_desktop,JavaScript,11152,https://github.com/listen1/listen1_desktop,SUCCESS,NPM/Yarn,True,GitHub Actions,a087d36ecdf5118ca3dc122312b66f1da2f3f40a,2024-04-01T15:23:31Z
ljharb/define-properties,JavaScript,21,https://github.com/ljharb/define-properties,SUCCESS,NPM/Yarn,True,GitHub Actions,c4a09db44ae719e7c5387e87df6be84878fa36f7,2025-12-29T22:50:52Z
ljharb/es-abstract,JavaScript,122,https://github.com/ljharb/es-abstract,SUCCESS,NPM/Yarn,True,GitHub Actions,a2cd996329b78fe608e63095442146ca2266dad1,2024-12-29T03:53:16Z
ljharb/object-keys,JavaScript,46,https://github.com/ljharb/object-keys,SUCCESS,NPM/Yarn,True,GitHub Actions,5a9c45b15c14af37f4e128bffd6ef1d670f12d37,2025-04-22T05:18:59Z
ljharb/object.assign,JavaScript,106,https://github.com/ljharb/object.assign,FAILURE,NPM/Yarn,True,GitHub Actions,64590caf7a3303c3aeda7210cabd044ca130d30b,2025-01-30T23:58:54Z
ljharb/qs,JavaScript,8901,https://github.com/ljharb/qs,FAILURE,NPM/Yarn,True,GitHub Actions,9d441d270486c3cc77f17289a9e0921c0f742aff,2026-02-13T00:07:27Z
scratchfoundation/scratch-blocks,JavaScript,2724,https://github.com/scratchfoundation/scratch-blocks,SUCCESS,NPM/Yarn,True,GitHub Actions,0e2f7b038bf3ef8b16ee8edc732ce9a7ca59cefa,2025-04-08T21:45:26Z
scratchfoundation/scratch-gui,JavaScript,4752,https://github.com/scratchfoundation/scratch-gui,SUCCESS,NPM/Yarn,True,GitHub Actions,6f410d462a38da1f60f86fabd304eef88a99b308,2024-12-24T08:14:22Z
lodash/lodash,JavaScript,61610,https://github.com/lodash/lodash,SUCCESS,NPM/Yarn,True,GitHub Actions,c93ba2d87826655d463cc89219c61c380f92f981,2025-10-27T10:17:43Z
log4js-node/log4js-node,JavaScript,5843,https://github.com/log4js-node/log4js-node,SUCCESS,NPM/Yarn,True,GitHub Actions,73cb458b26612b1d2b716ccebc3e932e63470386,2025-07-13T23:37:13Z
node-config/node-config,JavaScript,6425,https://github.com/node-config/node-config,NO_CI,NPM/Yarn,True,GitHub Actions,b23cfd20c8f88ec3c2636f08855222b670444fd2,2025-04-10T00:30:44Z
lovell/detect-libc,JavaScript,75,https://github.com/lovell/detect-libc,SUCCESS,NPM/Yarn,True,GitHub Actions,c04d3f297ae0c3af3fc48df42d25d8e2c8ababc5,2025-04-22T09:31:21Z
lovell/sharp,JavaScript,31886,https://github.com/lovell/sharp,SUCCESS,NPM/Yarn,True,GitHub Actions,92083ea64c2bcc0c6d2560effcbbcc75ff54b143,2024-12-28T11:51:50Z
lquixada/cross-fetch,JavaScript,1700,https://github.com/lquixada/cross-fetch,SUCCESS,NPM/Yarn,True,GitHub Actions,875de44090220be8789f3bcfe5ac996ee3a0be29,2025-04-12T13:33:38Z
sindresorhus/responselike,JavaScript,37,https://github.com/sindresorhus/responselike,SUCCESS,NPM/Yarn,True,GitHub Actions,f2c7d78cc299c44de882d1bb4d33589ff0a75794,2025-10-10T03:50:06Z
lutzroeder/netron,JavaScript,32376,https://github.com/lutzroeder/netron,SUCCESS,NPM/Yarn,True,GitHub Actions,62a18fda4836b76dcc57c98fce6bbf14b6a07068,2024-12-25T21:54:03Z
ly525/luban-h5,JavaScript,6243,https://github.com/ly525/luban-h5,SUCCESS,NPM/Yarn,True,GitHub Actions,11f27a29899a1be350b8d90b5c34801fa8793a0e,2025-04-15T15:00:25Z
lydell/js-tokens,JavaScript,550,https://github.com/lydell/js-tokens,SUCCESS,NPM/Yarn,True,GitHub Actions,5324e078de4061b94da1b27964bc693fa0200eb8,2025-01-22T06:36:25Z
macbre/phantomas,JavaScript,2265,https://github.com/macbre/phantomas,SUCCESS,NPM/Yarn,True,GitHub Actions,0ac49145e3a7dd9f30ab77047b34ec89e2333a26,2025-02-20T23:35:04Z
madhums/node-express-mongoose-demo,JavaScript,5115,https://github.com/madhums/node-express-mongoose-demo,SUCCESS,NPM/Yarn,True,GitHub Actions,8a134ab5deeef553d6de51d91d4ed8ee378acace,2025-10-30T22:05:28Z
mafintosh/dns-packet,JavaScript,216,https://github.com/mafintosh/dns-packet,SUCCESS,NPM/Yarn,True,GitHub Actions,52e7f4aa40b99d9bae623d43bc909c20fd962d84,2025-04-04T08:50:38Z
mailcow/mailcow-dockerized,JavaScript,12105,https://github.com/mailcow/mailcow-dockerized,FAILURE,Unknown,False,GitHub Actions,d09e4ff0209515cca58e1c502da648b5b86287da,2024-12-11T02:06:10Z
bootboxjs/bootbox,JavaScript,5036,https://github.com/bootboxjs/bootbox,SUCCESS,NPM/Yarn,True,GitHub Actions,406473fd8002c2c84266ad7e12d08ce5e4bb5de8,2025-01-12T01:22:04Z
mapbox/node-pre-gyp,JavaScript,1146,https://github.com/mapbox/node-pre-gyp,SUCCESS,NPM/Yarn,True,GitHub Actions,a541932680034f5de9e7365ef8d9a0d7a11cc1a9,2025-01-25T23:06:16Z
mapbox/pixelmatch,JavaScript,6711,https://github.com/mapbox/pixelmatch,SUCCESS,NPM/Yarn,True,GitHub Actions,bf7001f95b8cb3d7f2723944b5ccebc3c3884ef2,2025-02-10T09:34:02Z
mar10/fancytree,JavaScript,2950,https://github.com/mar10/fancytree,SUCCESS,NPM/Yarn,True,GitHub Actions,3e6023d5c6b286e6b87ce766dc1affc6d226b03a,2024-12-27T23:25:08Z
markdown-it/markdown-it,JavaScript,21029,https://github.com/markdown-it/markdown-it,SUCCESS,NPM/Yarn,True,GitHub Actions,d2782d892a51201b25d3eeab172201ad5a53a24c,2025-09-11T12:21:18Z
marko-js/marko,JavaScript,14316,https://github.com/marko-js/marko,SUCCESS,NPM/Yarn,True,GitHub Actions,4b6c6135badad6db7e4a8f0f59fb005ed66b04fa,2024-12-20T21:04:55Z
mashpie/i18n-node,JavaScript,3098,https://github.com/mashpie/i18n-node,SUCCESS,NPM/Yarn,True,GitHub Actions,a390884d878982c95db4d3be484839f845ebd3f0,2024-06-16T09:55:18Z
mathiasbynens/emoji-regex,JavaScript,1891,https://github.com/mathiasbynens/emoji-regex,SUCCESS,NPM/Yarn,True,GitHub Actions,d05b99f2f8179023c87c70e24baa23165b770439,2025-08-28T14:46:20Z
mathiasbynens/regenerate-unicode-properties,JavaScript,20,https://github.com/mathiasbynens/regenerate-unicode-properties,SUCCESS,NPM/Yarn,True,GitHub Actions,82d9360a029a9566e99e0347c1541111bbfb11bd,2025-09-09T19:58:41Z
mathiasbynens/regexpu-core,JavaScript,80,https://github.com/mathiasbynens/regexpu-core,SUCCESS,NPM/Yarn,True,GitHub Actions,edf648316f84eb99c6b7417a06ed2825a9585a1b,2025-09-10T04:28:34Z
mdaines/viz-js,JavaScript,4289,https://github.com/mdaines/viz-js,SUCCESS,NPM/Yarn,True,GitHub Actions,3651e34c2cc8aa4ebd05855dcbba9c53dc969b63,2025-03-14T12:50:07Z
mde/ejs,JavaScript,8084,https://github.com/mde/ejs,NO_CI,NPM/Yarn,True,GitHub Actions,2a33656319ddff89570ed48092bf329b0912478b,2026-01-14T22:02:36Z
mdn/data,JavaScript,771,https://github.com/mdn/data,SUCCESS,NPM/Yarn,True,GitHub Actions,37b993409c32a601201540cf13a5ed1dc93c37eb,2024-12-30T12:46:24Z
mdn/webextensions-examples,JavaScript,4407,https://github.com/mdn/webextensions-examples,SUCCESS,NPM/Yarn,True,GitHub Actions,d1116e32e9ab90eec741a7113a78c11b95729bf4,2025-02-23T23:13:40Z
mdo/github-buttons,JavaScript,2884,https://github.com/mdo/github-buttons,SUCCESS,NPM/Yarn,True,GitHub Actions,01fd76d6d0a47428be0df6f1164b767a8a168552,2025-04-20T19:36:40Z
mdx-js/mdx,JavaScript,19235,https://github.com/mdx-js/mdx,FAILURE,NPM/Yarn,True,GitHub Actions,aeed291d56b46e43cbe0d8c1735e5a6797ecd0d9,2025-01-27T13:28:26Z
meetfranz/franz,JavaScript,4673,https://github.com/meetfranz/franz,SUCCESS,NPM/Yarn,True,GitHub Actions,e4dc2fea74c08c0cd391a976dec7af728e30c7c2,2025-04-09T09:45:54Z
melonjs/melonJS,JavaScript,6228,https://github.com/melonjs/melonJS,SUCCESS,NPM/Yarn,True,GitHub Actions,3944671ceeda505b9bc1495819e97b12fc9e90a5,2024-08-28T05:37:57Z
meteor/meteor,JavaScript,44773,https://github.com/meteor/meteor,FAILURE,NPM/Yarn,True,GitHub Actions,3e9a981a9b2ea01310f99b46bdea1f96ec1ab2fd,2024-12-30T17:48:16Z
mholt/PapaParse,JavaScript,13372,https://github.com/mholt/PapaParse,SUCCESS,NPM/Yarn,True,GitHub Actions,338af86bde63d0d208ef22582f55fa129a5431d7,2025-01-09T09:08:52Z
postcss/postcss-load-config,JavaScript,664,https://github.com/postcss/postcss-load-config,SUCCESS,NPM/Yarn,True,GitHub Actions,cbf0ea1565857263b77822a0a30eaa820312551a,2025-05-10T14:13:09Z
micheleg/dash-to-dock,JavaScript,4165,https://github.com/micheleg/dash-to-dock,SUCCESS,Unknown,False,GitHub Actions,152a4dada039794762cdd80e2b76af677533b283,2025-01-28T03:13:56Z
MagicMirrorOrg/MagicMirror,JavaScript,23283,https://github.com/MagicMirrorOrg/MagicMirror,SUCCESS,NPM/Yarn,True,GitHub Actions,c24de64d7717d5b66111f71a9285e80f3e11ab67,2025-01-01T14:27:27Z
mickhansen/dottie.js,JavaScript,257,https://github.com/mickhansen/dottie.js,NO_CI,NPM/Yarn,True,GitHub Actions,7e8fa1345a4b46325f0eab8d7aeb1c4deaefdb14,2026-02-24T15:32:20Z
micromatch/braces,JavaScript,245,https://github.com/micromatch/braces,SUCCESS,NPM/Yarn,True,GitHub Actions,19803f15a34908a8bacc2a931930701623f58dac,2025-01-07T13:34:03Z
micromatch/picomatch,JavaScript,1193,https://github.com/micromatch/picomatch,SUCCESS,NPM/Yarn,True,GitHub Actions,bf6a33bd3db990edfbfd20b3b160eed926cd07dd,2025-01-14T12:27:52Z
chakra-core/ChakraCore,JavaScript,9237,https://github.com/chakra-core/ChakraCore,FAILURE,Unknown,False,GitHub Actions,36becec43348f259e8bee08cf2fcd171bfe56f42,2025-02-22T18:23:46Z
microsoft/monaco-editor,JavaScript,45545,https://github.com/microsoft/monaco-editor,SUCCESS,NPM/Yarn,True,GitHub Actions,d2205cb8eed027aabfb70973235cede801347970,2024-12-02T17:59:07Z
mikaelbr/marked-terminal,JavaScript,478,https://github.com/mikaelbr/marked-terminal,SUCCESS,NPM/Yarn,True,GitHub Actions,ffd67e7647b598ee0db41b742980659d3495cf9c,2025-01-01T01:28:27Z
MikeMcl/big.js,JavaScript,5159,https://github.com/MikeMcl/big.js,SUCCESS,NPM/Yarn,True,GitHub Actions,c2f43de999bcc85a746f32d44fea65c7a77b4451,2025-04-21T18:40:11Z
MikeMcl/bignumber.js,JavaScript,6972,https://github.com/MikeMcl/bignumber.js,SUCCESS,NPM/Yarn,True,GitHub Actions,4bc8c79e4e28b6bbb4c9059148e1dad0bfbb77c1,2025-04-19T17:15:52Z
MithrilJS/mithril.js,JavaScript,14677,https://github.com/MithrilJS/mithril.js,FAILURE,NPM/Yarn,True,GitHub Actions,4ba76ac07b31e8ce083da6ef0e7724ab8d0c49f7,2024-12-26T20:24:51Z
mjmlio/mjml,JavaScript,17877,https://github.com/mjmlio/mjml,SUCCESS,NPM/Yarn,True,GitHub Actions,be23110e066ea0eaa6ad0e7efa951ebdd6e469b3,2025-06-04T12:19:08Z
mjwwit/node-XMLHttpRequest,JavaScript,15,https://github.com/mjwwit/node-XMLHttpRequest,SUCCESS,NPM/Yarn,True,GitHub Actions,99985d25e185f54a467bdfbcb86c644d57f75b3e,2025-05-17T07:52:20Z
MobSF/Mobile-Security-Framework-MobSF,JavaScript,20364,https://github.com/MobSF/Mobile-Security-Framework-MobSF,SUCCESS,Unknown,False,GitHub Actions,4b8bab5a9858c69fe13be4631b82d82186e0d3bd,2025-03-29T00:38:23Z
mochajs/mocha,JavaScript,22871,https://github.com/mochajs/mocha,SUCCESS,NPM/Yarn,True,GitHub Actions,6caa9026eb120b136dc8210614b31310f8bff83b,2024-12-09T14:34:29Z
Modernizr/Modernizr,JavaScript,25690,https://github.com/Modernizr/Modernizr,SUCCESS,NPM/Yarn,True,GitHub Actions,deed0ed0fff9187584ec8850897f345ce777bda0,2025-07-24T12:11:38Z
moleculerjs/moleculer,JavaScript,6355,https://github.com/moleculerjs/moleculer,SUCCESS,NPM/Yarn,True,GitHub Actions,b97408ef6224111f2d29661e6a7619bb11dfe222,2025-01-09T09:35:54Z
moment/luxon,JavaScript,16353,https://github.com/moment/luxon,SUCCESS,NPM/Yarn,True,GitHub Actions,0d267fa3c627ee26c3c033af1e72dba3d0ab3127,2025-01-17T15:55:17Z
moment/moment-timezone,JavaScript,3883,https://github.com/moment/moment-timezone,SUCCESS,NPM/Yarn,True,GitHub Actions,c666ad199a1d4ef05b80d67f73c02e608c100d62,2025-01-28T11:08:19Z
mongo-express/mongo-express,JavaScript,5935,https://github.com/mongo-express/mongo-express,SUCCESS,NPM/Yarn,True,GitHub Actions,7059882e73dc088c9587b2f78c5ea59b229b0da5,2025-01-09T18:34:30Z
motdotla/dotenv-expand,JavaScript,1047,https://github.com/motdotla/dotenv-expand,SUCCESS,NPM/Yarn,True,GitHub Actions,7cbabcd8b7c7cd94bda1efda920969ccacacacae,2025-04-17T02:12:54Z
motdotla/dotenv,JavaScript,20253,https://github.com/motdotla/dotenv,SUCCESS,NPM/Yarn,True,GitHub Actions,b086bd4a82f01ef88e80c3fa5faaabef943f92f0,2025-01-08T15:33:07Z
mourner/suncalc,JavaScript,3334,https://github.com/mourner/suncalc,SUCCESS,NPM/Yarn,True,GitHub Actions,7ccde2118968e21e47db573e34757258275943ae,2025-08-09T19:59:02Z
mozilla/nunjucks,JavaScript,8890,https://github.com/mozilla/nunjucks,SUCCESS,NPM/Yarn,True,GitHub Actions,b46b346a00409cfe95acc135f20e4d8c80c6f82e,2025-06-16T16:06:27Z
mozilla/pdf.js,JavaScript,52818,https://github.com/mozilla/pdf.js,SUCCESS,NPM/Yarn,True,GitHub Actions,c58f69dda4e89630f6f9a970c6b1615bf9d2fcde,2024-12-26T10:34:36Z
mozilla/rhino,JavaScript,4546,https://github.com/mozilla/rhino,SUCCESS,Unknown,False,GitHub Actions,d243106d325ff10cd48b7b7ac99b4cb8273a484e,2024-12-30T22:51:00Z
mozilla/source-map,JavaScript,3698,https://github.com/mozilla/source-map,SUCCESS,NPM/Yarn,True,GitHub Actions,e034115354f1f83b76d594eb7755f7e5fcea7bd1,2025-07-08T11:28:59Z
mpetroff/pannellum,JavaScript,4705,https://github.com/mpetroff/pannellum,SUCCESS,NPM/Yarn,True,GitHub Actions,bd5d4228795e37ff575f37491fe631a67eb5ff58,2025-06-08T20:52:17Z
mrdoob/three.js,JavaScript,110817,https://github.com/mrdoob/three.js,PENDING,NPM/Yarn,True,GitHub Actions,c9e5e53a06809f8352c5bd94c130725d93349d11,2024-12-25T04:13:37Z
mrmlnc/fast-glob,JavaScript,2800,https://github.com/mrmlnc/fast-glob,SUCCESS,NPM/Yarn,True,GitHub Actions,d533841e09cabd0d16bcc9cdb17a83d8c6d559f6,2025-01-03T20:08:28Z
parallax/jsPDF,JavaScript,31111,https://github.com/parallax/jsPDF,SUCCESS,NPM/Yarn,True,GitHub Actions,637b5d364fc5117a3a831b391e2bc289af4ba0ee,2025-01-22T07:23:14Z
MrSwitch/hello.js,JavaScript,4638,https://github.com/MrSwitch/hello.js,NO_CI,NPM/Yarn,True,GitHub Actions,8dcf1e7cbb500762604dd17f84f19ebf48d68636,2025-07-02T22:22:10Z
mscdex/ssh2,JavaScript,5754,https://github.com/mscdex/ssh2,SUCCESS,NPM/Yarn,True,GitHub Actions,0fe2643cb29f0a29df9388af7f1ca8da15b09cd4,2025-02-01T19:05:05Z
mui/material-ui,JavaScript,97789,https://github.com/mui/material-ui,SUCCESS,NPM/Yarn,True,GitHub Actions,6ab5bcb3da1f66d94bde1029f42f3d800d50a1b6,2024-12-25T15:06:55Z
mysticatea/eslint-plugin-node,JavaScript,961,https://github.com/mysticatea/eslint-plugin-node,SUCCESS,NPM/Yarn,True,GitHub Actions,8ef07af5711b74199745a619c6f522e1e32acfaf,2024-03-09T12:18:40Z
react-grid-layout/react-draggable,JavaScript,9276,https://github.com/react-grid-layout/react-draggable,SUCCESS,NPM/Yarn,True,GitHub Actions,1d1ba060f6bebd97d7dead45e89a4fa2b1f6a501,2025-12-31T04:12:11Z
naptha/tesseract.js,JavaScript,37831,https://github.com/naptha/tesseract.js,SUCCESS,NPM/Yarn,True,GitHub Actions,fb6394f4ee49a645e2773f32b9937c395f88973d,2024-12-25T06:52:23Z
nasa/openmct,JavaScript,12781,https://github.com/nasa/openmct,FAILURE,NPM/Yarn,True,GitHub Actions,50ca27e54f8d8e62874a2df8d280bb26df5b3e2e,2025-03-28T21:25:25Z
NaturalNode/natural,JavaScript,10867,https://github.com/NaturalNode/natural,SUCCESS,NPM/Yarn,True,GitHub Actions,014c9347832228ab9810bfda18fe515f481ba3c7,2025-05-22T13:31:57Z
necolas/react-native-web,JavaScript,22112,https://github.com/necolas/react-native-web,SUCCESS,NPM/Yarn,True,GitHub Actions,de32e19ce0c1ce236bdc4457beccaa3ac4f87a08,2025-01-21T19:09:39Z
Netflix/falcor,JavaScript,10582,https://github.com/Netflix/falcor,FAILURE,NPM/Yarn,True,GitHub Actions,04db6cceeb7a3c6e5d1e433f12c157dcf551cf57,2025-08-26T14:57:51Z
decaporg/decap-cms,JavaScript,18904,https://github.com/decaporg/decap-cms,SUCCESS,NPM/Yarn,True,GitHub Actions,6cd7cb3b41718e20b44acaae1e2ffd73129520c2,2025-01-15T12:19:57Z
nextapps-de/flexsearch,JavaScript,13588,https://github.com/nextapps-de/flexsearch,SUCCESS,NPM/Yarn,True,GitHub Actions,020509e3dfdc9ebfc5418b7207a66573a08fb124,2025-04-17T13:36:07Z
nightwatchjs/nightwatch,JavaScript,11951,https://github.com/nightwatchjs/nightwatch,SUCCESS,NPM/Yarn,True,GitHub Actions,44ba57c2604b81f76bae7d620236a744e99b41d3,2024-12-27T21:34:00Z
nock/nock,JavaScript,13081,https://github.com/nock/nock,SUCCESS,NPM/Yarn,True,GitHub Actions,f155498ff5dd8990f0cd06d3e254336cf65b23e4,2024-11-09T18:15:39Z
node-formidable/formidable,JavaScript,7189,https://github.com/node-formidable/formidable,SUCCESS,NPM/Yarn,True,GitHub Actions,1f33763ef47a6143f9d858c9f4eadb6e60540917,2025-04-18T22:54:01Z
node-modules/agentkeepalive,JavaScript,603,https://github.com/node-modules/agentkeepalive,SUCCESS,NPM/Yarn,True,GitHub Actions,7d79ddd2e4a5685013b4a8fee810a823028d517a,2024-12-29T02:55:19Z
node-red/node-red,JavaScript,22776,https://github.com/node-red/node-red,SUCCESS,NPM/Yarn,True,GitHub Actions,3da22882e9eb8281bdd50bd397857d3b74aa6b02,2025-01-07T16:30:35Z
NodeBB/NodeBB,JavaScript,14961,https://github.com/NodeBB/NodeBB,SUCCESS,Unknown,False,GitHub Actions,b32b7fccffd63fa12f12d5e1bfcb97d7a3c14927,2025-04-30T19:18:05Z
nodeca/js-yaml,JavaScript,6550,https://github.com/nodeca/js-yaml,SUCCESS,NPM/Yarn,True,GitHub Actions,0d3ca7a27b03a6c974790a30a89e456007d62976,2022-08-27T14:03:37Z
nodegit/nodegit,JavaScript,5755,https://github.com/nodegit/nodegit,SUCCESS,NPM/Yarn,True,GitHub Actions,085a0d0d404e4ce138a933b2903e87eef19e8178,2025-02-05T09:38:09Z
nodejs/node,JavaScript,115682,https://github.com/nodejs/node,PENDING,Unknown,False,GitHub Actions,c5aa8b8ef11e5e593a193454fc4ffd642b48e137,2024-12-31T16:29:50Z
nodejs/readable-stream,JavaScript,1045,https://github.com/nodejs/readable-stream,SUCCESS,NPM/Yarn,True,GitHub Actions,4281bc0b64ebf8505d23ff9235e11b2d722aa0c8,2024-12-31T18:41:02Z
nodemailer/libmime,JavaScript,31,https://github.com/nodemailer/libmime,SUCCESS,NPM/Yarn,True,GitHub Actions,c8938111e212996f0809253eb195ef56778fc4dd,2025-06-26T18:28:12Z
nodemailer/nodemailer,JavaScript,17459,https://github.com/nodemailer/nodemailer,SUCCESS,NPM/Yarn,True,GitHub Actions,15146d8d7c9f4fde3f664702770286a80fc7688d,2025-01-04T10:33:16Z
nolimits4web/swiper,JavaScript,41782,https://github.com/nolimits4web/swiper,SUCCESS,NPM/Yarn,True,GitHub Actions,58593f6d65a1170f7b680e667602dbda6abc4b78,2024-12-31T00:23:11Z
notifme/notifme-sdk,JavaScript,1981,https://github.com/notifme/notifme-sdk,SUCCESS,NPM/Yarn,True,GitHub Actions,b12dd98e4a9079c1c356a4c3e34e488d9aa5d3ea,2025-01-13T11:06:08Z
novnc/noVNC,JavaScript,13410,https://github.com/novnc/noVNC,SUCCESS,NPM/Yarn,True,GitHub Actions,3193f808b5366392de94c1a9b144fc6845daeabb,2024-12-27T13:48:20Z
Nozbe/WatermelonDB,JavaScript,11553,https://github.com/Nozbe/WatermelonDB,SUCCESS,NPM/Yarn,True,GitHub Actions,29b5d78d26c4a2394ff39b2513c10465ed9e06e8,2025-01-17T22:24:02Z
npm/cli,JavaScript,9509,https://github.com/npm/cli,SUCCESS,NPM/Yarn,True,GitHub Actions,7f6c9973dc9a4dfebd76e52e060a9d8496b8bd98,2025-01-06T21:31:45Z
isaacs/fs-minipass,JavaScript,20,https://github.com/isaacs/fs-minipass,SUCCESS,NPM/Yarn,True,GitHub Actions,a69909cf0e5850686f9a740375d867a4333f0012,2025-10-25T18:56:47Z
npm/hosted-git-info,JavaScript,229,https://github.com/npm/hosted-git-info,SUCCESS,NPM/Yarn,True,GitHub Actions,3c1cd4a248970f85a596a092afe49cc3028050e9,2025-01-03T15:15:59Z
npm/ignore-walk,JavaScript,65,https://github.com/npm/ignore-walk,FAILURE,NPM/Yarn,True,GitHub Actions,229fc711c3699f0212400145d45f8c4a36034d51,2024-09-04T21:47:22Z
npm/ini,JavaScript,813,https://github.com/npm/ini,SUCCESS,NPM/Yarn,True,GitHub Actions,0ce45451c2e7943ef0b8814b1e65d70da2851a8f,2025-06-26T18:38:22Z
npm/mute-stream,JavaScript,55,https://github.com/npm/mute-stream,FAILURE,NPM/Yarn,True,GitHub Actions,5bddaac23fc80e2107b5e73870fd1a4b38139f54,2024-09-24T19:10:06Z
npm/node-semver,JavaScript,5391,https://github.com/npm/node-semver,SUCCESS,NPM/Yarn,True,GitHub Actions,67e54785a0f871361230f84323cbb631b9b6d834,2025-01-28T16:20:38Z
npm/node-which,JavaScript,349,https://github.com/npm/node-which,SUCCESS,NPM/Yarn,True,GitHub Actions,ff77c6de214225bdbd85405565c7dbb962cc228d,2025-06-26T18:38:22Z
npm/nopt,JavaScript,542,https://github.com/npm/nopt,SUCCESS,NPM/Yarn,True,GitHub Actions,d7916cd03d22e6653ce7c3d6e90f6557dee789a1,2025-01-10T18:02:13Z
npm/normalize-package-data,JavaScript,204,https://github.com/npm/normalize-package-data,SUCCESS,NPM/Yarn,True,GitHub Actions,9c61cadb28978ceae15ace4e94b6b6eea26a32e0,2025-06-26T18:38:22Z
npm/npm-bundled,JavaScript,9,https://github.com/npm/npm-bundled,FAILURE,NPM/Yarn,True,GitHub Actions,e1ec0dcb89d0dfa77202f8d80ed59650d25af4eb,2024-09-25T17:11:03Z
npm/npm-package-arg,JavaScript,134,https://github.com/npm/npm-package-arg,SUCCESS,NPM/Yarn,True,GitHub Actions,14cb8a18b32982a3be5c45331331cdbed78218c8,2025-02-05T18:41:10Z
npm/npm-packlist,JavaScript,117,https://github.com/npm/npm-packlist,SUCCESS,NPM/Yarn,True,GitHub Actions,7e5f43bcab016a62d406c3ad4c391ee436fb76d3,2025-04-09T15:53:04Z
npm/npm-registry-fetch,JavaScript,151,https://github.com/npm/npm-registry-fetch,SUCCESS,NPM/Yarn,True,GitHub Actions,a94aa458bdac7ef117c731580fe5775397c43ed0,2025-07-24T19:08:51Z
npm/pacote,JavaScript,384,https://github.com/npm/pacote,SUCCESS,NPM/Yarn,True,GitHub Actions,0310b7be04fea4919bf11f66acde1e204a18cff4,2025-04-15T14:15:50Z
npm/unique-filename,JavaScript,45,https://github.com/npm/unique-filename,SUCCESS,NPM/Yarn,True,GitHub Actions,938ae3b0b32b97f4903acdb0398688cdf4772a57,2024-09-26T15:18:35Z
npm/unique-slug,JavaScript,36,https://github.com/npm/unique-slug,FAILURE,NPM/Yarn,True,GitHub Actions,4f243e2d8a75401f845938917b379a1ca99bb427,2024-09-25T17:30:03Z
npm/validate-npm-package-name,JavaScript,311,https://github.com/npm/validate-npm-package-name,SUCCESS,NPM/Yarn,True,GitHub Actions,99ced7599aa0f7c315055c1a943075d5460c24d5,2025-06-05T16:07:29Z
npm/write-file-atomic,JavaScript,245,https://github.com/npm/write-file-atomic,SUCCESS,NPM/Yarn,True,GitHub Actions,9fcd4021b8a0c86bf54deded4905aec68d968161,2024-09-25T17:34:03Z
nwutils/nw-builder,JavaScript,1714,https://github.com/nwutils/nw-builder,SUCCESS,NPM/Yarn,True,GitHub Actions,8c09908943eba0414b03a7e79c2a87a5f076bfff,2024-12-16T15:30:55Z
lint-staged/lint-staged,JavaScript,14439,https://github.com/lint-staged/lint-staged,SUCCESS,NPM/Yarn,True,GitHub Actions,c52cc923a5c6c25d7a07da134b087de7b7937b1c,2024-12-27T10:09:05Z
eemeli/yaml-loader,JavaScript,154,https://github.com/eemeli/yaml-loader,SUCCESS,NPM/Yarn,True,GitHub Actions,57fb57d835b9ba81ef306f0939b1ebf2fee0c4e1,2025-12-28T14:15:41Z
olifolkerd/tabulator,JavaScript,7535,https://github.com/olifolkerd/tabulator,SUCCESS,NPM/Yarn,True,GitHub Actions,000373b7bd2e9254417d8a935eb28689d5e8a250,2025-01-19T14:10:16Z
olton/metroui,JavaScript,7086,https://github.com/olton/metroui,SUCCESS,NPM/Yarn,True,GitHub Actions,a0aca9fea69c69c617dfea31ecae51f3f7b6e73f,2025-01-24T15:38:37Z
onokumus/metismenu,JavaScript,1960,https://github.com/onokumus/metismenu,FAILURE,NPM/Yarn,True,GitHub Actions,9e622f8c10612f8140ba79d2fed516d9374d07dc,2026-01-22T20:26:49Z
openlayers/openlayers,JavaScript,12319,https://github.com/openlayers/openlayers,SUCCESS,NPM/Yarn,True,GitHub Actions,45524ab251f3f4390a6a1a64df0f36f6d06af8ca,2024-12-25T17:54:09Z
openpgpjs/openpgpjs,JavaScript,5933,https://github.com/openpgpjs/openpgpjs,FAILURE,NPM/Yarn,True,GitHub Actions,a3a9e068024c4ada4502c954743dfb845819c5a8,2025-02-10T18:15:43Z
openseadragon/openseadragon,JavaScript,3346,https://github.com/openseadragon/openseadragon,NO_CI,NPM/Yarn,True,GitHub Actions,9527f15f52f859ae5f565fc56dc7938930143828,2025-01-02T05:45:12Z
openstreetmap/iD,JavaScript,3720,https://github.com/openstreetmap/iD,SUCCESS,NPM/Yarn,True,GitHub Actions,c7572c070f308694ae066bf2a6e1edac02ee1974,2025-01-07T08:40:07Z
openstyles/stylus,JavaScript,6414,https://github.com/openstyles/stylus,SUCCESS,NPM/Yarn,True,GitHub Actions,6bde1108943f80dbd03023f3384496b8aab07341,2024-12-25T10:14:17Z
openwrt/luci,JavaScript,7447,https://github.com/openwrt/luci,PENDING,NPM/Yarn,True,GitHub Actions,2da1efba3859df23fca35096b8e9d7e0821e0d8e,2024-12-25T15:41:42Z
OptimalBits/bull,JavaScript,16233,https://github.com/OptimalBits/bull,SUCCESS,NPM/Yarn,True,GitHub Actions,b1f3d4ec0714f36133aa57af8e41b66d8d713165,2025-11-13T14:15:48Z
optimizely/nuclear-js,JavaScript,2259,https://github.com/optimizely/nuclear-js,SUCCESS,NPM/Yarn,True,GitHub Actions,44f3733bde74d060cc4ae0c8f189ab8e3c82241d,2025-01-22T22:33:41Z
orbitdb/orbitdb,JavaScript,8735,https://github.com/orbitdb/orbitdb,SUCCESS,NPM/Yarn,True,GitHub Actions,9612a61c6fe7dd2155d7264a9d0744f5449243aa,2025-01-25T11:27:57Z
pa11y/pa11y,JavaScript,4392,https://github.com/pa11y/pa11y,SUCCESS,NPM/Yarn,True,GitHub Actions,242b650a8d96ca700beaf547614e1d50146f33d9,2024-10-04T14:00:44Z
pages-themes/midnight,JavaScript,339,https://github.com/pages-themes/midnight,SUCCESS,Unknown,False,GitHub Actions,ce7edcea5700ad36f098c33e7df26ba30799f6cb,2025-04-16T19:22:41Z
parcel-bundler/parcel,JavaScript,44048,https://github.com/parcel-bundler/parcel,SUCCESS,NPM/Yarn,True,GitHub Actions,3d91d155a53e5195a6bc0e4f02c9c916ac2357e4,2024-12-31T00:47:13Z
parse-community/parse-dashboard,JavaScript,3803,https://github.com/parse-community/parse-dashboard,SUCCESS,NPM/Yarn,True,GitHub Actions,539e88348721bc100a80ae00de81a921bc2c53d4,2025-01-23T23:59:55Z
parse-community/parse-server-example,JavaScript,1907,https://github.com/parse-community/parse-server-example,FAILURE,NPM/Yarn,True,GitHub Actions,3eab5cfe6775788a52f2c861296c006349593c06,2025-03-06T13:05:24Z
parse-community/parse-server,JavaScript,21363,https://github.com/parse-community/parse-server,FAILURE,NPM/Yarn,True,GitHub Actions,7f666292e8b9692966672486b7108edefc356309,2025-01-12T00:59:40Z
pastelsky/bundlephobia,JavaScript,9441,https://github.com/pastelsky/bundlephobia,SUCCESS,NPM/Yarn,True,GitHub Actions,326ce3a494b18ec66ed9ce9ef2f2cd660bf0805d,2026-01-18T07:31:01Z
patrick-steele-idem/morphdom,JavaScript,3456,https://github.com/patrick-steele-idem/morphdom,SUCCESS,NPM/Yarn,True,GitHub Actions,13f35511a4f9b6f9ee9096349a438f31a6106b8c,2025-04-10T09:47:19Z
patriksimek/vm2,JavaScript,4014,https://github.com/patriksimek/vm2,SUCCESS,NPM/Yarn,True,GitHub Actions,96acb88d9bbf3006156bfb86c12fed4954224c7d,2025-10-24T19:42:25Z
paulmillr/es6-shim,JavaScript,3112,https://github.com/paulmillr/es6-shim,FAILURE,NPM/Yarn,True,GitHub Actions,0265dc4b2b858a77e0602d9041d71583ec7e4c21,2025-10-09T20:30:12Z
paulmillr/readdirp,JavaScript,417,https://github.com/paulmillr/readdirp,SUCCESS,NPM/Yarn,True,GitHub Actions,b2bb7877afda9694a3d2a4bf7433a1eb73e18c7c,2025-01-10T17:24:34Z
pbakaus/scroller,JavaScript,3895,https://github.com/pbakaus/scroller,SUCCESS,NPM/Yarn,True,GitHub Actions,0fc7421ac05158adbe39f6d604d3f194003cd86a,2025-07-16T23:48:13Z
pcottle/learnGitBranching,JavaScript,33135,https://github.com/pcottle/learnGitBranching,SUCCESS,NPM/Yarn,True,GitHub Actions,fd74380cf17afe6fdd6bea778507e3402b6d519b,2024-12-25T18:08:17Z
pillarjs/cookies,JavaScript,1304,https://github.com/pillarjs/cookies,SUCCESS,NPM/Yarn,True,GitHub Actions,c10ee74f7c3678ce1bfadbce2061cc13e6954ad4,2025-11-28T10:28:56Z
pillarjs/encodeurl,JavaScript,37,https://github.com/pillarjs/encodeurl,SUCCESS,NPM/Yarn,True,GitHub Actions,e2fd0b017e2207aacde9f85328e62545f3107b6c,2025-06-05T13:12:34Z
pillarjs/finalhandler,JavaScript,231,https://github.com/pillarjs/finalhandler,SUCCESS,NPM/Yarn,True,GitHub Actions,c70bf84fcb4b5125c4b5bfa4893aefc7a8cbba8f,2025-01-10T18:32:44Z
pillarjs/hbs,JavaScript,1688,https://github.com/pillarjs/hbs,SUCCESS,NPM/Yarn,True,GitHub Actions,d4a916a9e67517cc35815af29e5deee3d9c4066a,2025-06-15T07:33:42Z
pillarjs/parseurl,JavaScript,188,https://github.com/pillarjs/parseurl,SUCCESS,NPM/Yarn,True,GitHub Actions,11e0f4d0cd86d5458f433ad22b30cfcdb68f70c1,2025-05-18T08:45:00Z
pillarjs/send,JavaScript,816,https://github.com/pillarjs/send,SUCCESS,NPM/Yarn,True,GitHub Actions,b4cf871d37af5bf4ffa0b9db441dedc001b702d3,2025-02-17T14:55:39Z
pinojs/pino,JavaScript,17323,https://github.com/pinojs/pino,SUCCESS,NPM/Yarn,True,GitHub Actions,16ef66dd5f5b3e3e061f283355196a4e38c06565,2024-12-25T15:37:20Z
piroor/treestyletab,JavaScript,3724,https://github.com/piroor/treestyletab,SUCCESS,Unknown,False,GitHub Actions,25c17e7c41ceefc0fcf37d9e2096635b20130d0d,2025-05-21T07:49:51Z
piskelapp/piskel,JavaScript,12281,https://github.com/piskelapp/piskel,SUCCESS,NPM/Yarn,True,GitHub Actions,2e1f08f8856e574d276bae34c670517d1b0fa4a7,2025-06-09T15:38:57Z
playcanvas/engine,JavaScript,14443,https://github.com/playcanvas/engine,SUCCESS,NPM/Yarn,True,GitHub Actions,764ca7140c9a59c5da4b8ced37c2ca4eac43f876,2024-12-27T07:50:27Z
plopjs/plop,JavaScript,7626,https://github.com/plopjs/plop,FAILURE,NPM/Yarn,True,GitHub Actions,1b974854bb76945eccddfeb5ac14723a99ab00b5,2025-09-04T04:45:41Z
plotly/plotly.js,JavaScript,18081,https://github.com/plotly/plotly.js,FAILURE,NPM/Yarn,True,GitHub Actions,2d94bef77c25ca0da14659db14d57c5c1c662bbf,2024-11-13T15:40:20Z
postcss/autoprefixer,JavaScript,22650,https://github.com/postcss/autoprefixer,SUCCESS,NPM/Yarn,True,GitHub Actions,af9cb5f365f66bf5169f1f42e08036651453b1a6,2025-03-09T13:20:54Z
postcss/postcss-calc,JavaScript,220,https://github.com/postcss/postcss-calc,SUCCESS,NPM/Yarn,True,GitHub Actions,bbedb092584254e105a8700695a3b23c9a75eb2b,2024-12-26T16:07:04Z
postcss/postcss-cli,JavaScript,858,https://github.com/postcss/postcss-cli,SUCCESS,NPM/Yarn,True,GitHub Actions,b5d8f0ed6e25e7e0f0662e9aed3bfd7def9e6573,2025-03-12T17:09:20Z
postcss/postcss-import,JavaScript,1401,https://github.com/postcss/postcss-import,SUCCESS,NPM/Yarn,True,GitHub Actions,32deb082c687c0d324e5812b3593f7e44af10166,2025-06-07T18:42:05Z
webpack/postcss-loader,JavaScript,2848,https://github.com/webpack/postcss-loader,SUCCESS,NPM/Yarn,True,GitHub Actions,3bafede45fdab3c92c9043740fa94f61b961709c,2025-01-21T17:27:11Z
postcss/postcss-reporter,JavaScript,163,https://github.com/postcss/postcss-reporter,SUCCESS,NPM/Yarn,True,GitHub Actions,b78bf2203f7bc3b0105ec2cdec8279a37730bfa0,2026-01-13T17:28:51Z
postcss/postcss-selector-parser,JavaScript,214,https://github.com/postcss/postcss-selector-parser,SUCCESS,NPM/Yarn,True,GitHub Actions,e254e601a51aea9df80e9302b314ff7181ece132,2025-02-04T21:18:51Z
postcss/sugarss,JavaScript,720,https://github.com/postcss/sugarss,SUCCESS,NPM/Yarn,True,GitHub Actions,3e6a0d47e6b5ec98126dc106aec00b35642b7728,2025-07-30T12:49:08Z
posthtml/posthtml,JavaScript,2960,https://github.com/posthtml/posthtml,NO_CI,NPM/Yarn,True,GitHub Actions,d8e3b3dba1085dde05ea950da1e700f8487d2ca3,2025-10-06T20:26:53Z
postmanlabs/newman,JavaScript,7182,https://github.com/postmanlabs/newman,SUCCESS,NPM/Yarn,True,GitHub Actions,e2ba4d6e9833e582df2335aeb820510ec92ad3ec,2026-01-15T23:12:20Z
apache/pouchdb,JavaScript,17544,https://github.com/apache/pouchdb,FAILURE,NPM/Yarn,True,GitHub Actions,bbff7f9e4a2ad729249922d008bb730daa232660,2025-01-04T17:29:17Z
ppoffice/hexo-theme-icarus,JavaScript,6726,https://github.com/ppoffice/hexo-theme-icarus,SUCCESS,NPM/Yarn,True,GitHub Actions,b00d5ae9d915340b4b2ba58b56d81b5d88fdd081,2024-12-26T06:01:30Z
preactjs/preact,JavaScript,38372,https://github.com/preactjs/preact,SUCCESS,NPM/Yarn,True,GitHub Actions,a32924c548a6b295325a6fd63e0ef51d4adb9220,2024-12-27T11:19:51Z
prebuild/prebuild-install,JavaScript,115,https://github.com/prebuild/prebuild-install,SUCCESS,NPM/Yarn,True,GitHub Actions,1bf4a156b6989acf193f4699af8fea711de56d6b,2025-01-22T00:04:05Z
prettier/eslint-config-prettier,JavaScript,5851,https://github.com/prettier/eslint-config-prettier,SUCCESS,NPM/Yarn,True,GitHub Actions,5be64bef68c3a9bf7202f591f54ffec02572e46b,2025-01-13T12:59:23Z
prettier/eslint-plugin-prettier,JavaScript,3626,https://github.com/prettier/eslint-plugin-prettier,SUCCESS,NPM/Yarn,True,GitHub Actions,37d87eab917bb7614877fa65fa7fe37b4d4448ad,2025-01-13T15:12:08Z
prettier/prettier,JavaScript,51535,https://github.com/prettier/prettier,FAILURE,NPM/Yarn,True,GitHub Actions,69a0172bdb0bbcbe9c48e288544a90cb5073c23b,2025-01-05T23:16:49Z
primer/octicons,JavaScript,8655,https://github.com/primer/octicons,SUCCESS,NPM/Yarn,True,GitHub Actions,cd2e303f3944df986712275e3a49a73958ea23d2,2025-02-04T16:21:56Z
primus/eventemitter3,JavaScript,3508,https://github.com/primus/eventemitter3,SUCCESS,NPM/Yarn,True,GitHub Actions,9d10e6fa29d7daaf2f15bb05cbe0e9cfc71a17ef,2025-11-20T08:30:56Z
PrismJS/prism,JavaScript,12924,https://github.com/PrismJS/prism,FAILURE,NPM/Yarn,True,GitHub Actions,3c0e4a7003da98099041589a04c92484618e007a,2025-03-05T19:03:13Z
processing/p5.js,JavaScript,23422,https://github.com/processing/p5.js,SUCCESS,NPM/Yarn,True,GitHub Actions,4443f7c0391f45d608a1dc2cf6764aaa061e1ad0,2024-12-20T21:03:48Z
protobufjs/protobuf.js,JavaScript,10498,https://github.com/protobufjs/protobuf.js,SUCCESS,NPM/Yarn,True,GitHub Actions,f2ccb999220ee596d68c80b36265e5ee4ec877b3,2024-12-30T06:30:38Z
pure-css/pure,JavaScript,23763,https://github.com/pure-css/pure,SUCCESS,NPM/Yarn,True,GitHub Actions,f23ec169411bc1bab9d3c33df33b60e1cd45a836,2025-01-07T18:03:50Z
pyllyukko/user.js,JavaScript,2867,https://github.com/pyllyukko/user.js,SUCCESS,Unknown,False,GitHub Actions,25b1b24e6dd06038d3fd5f9fb0ecc36d25bcfd91,2024-12-30T05:11:44Z
qishibo/AnotherRedisDesktopManager,JavaScript,33908,https://github.com/qishibo/AnotherRedisDesktopManager,SUCCESS,NPM/Yarn,True,GitHub Actions,3f4b0858caa796f5b170f1ccaf430e196dea6135,2025-02-04T02:30:22Z
Qix-/color-convert,JavaScript,813,https://github.com/Qix-/color-convert,SUCCESS,NPM/Yarn,True,GitHub Actions,282a3f9006178147aaaecf4f26e563c9e8ad1046,2025-02-05T18:56:26Z
Qix-/color-string,JavaScript,220,https://github.com/Qix-/color-string,SUCCESS,NPM/Yarn,True,GitHub Actions,c52f40908345e4abce5248bc1e85614b4d1d2124,2025-02-06T07:54:05Z
Qix-/color,JavaScript,4925,https://github.com/Qix-/color,SUCCESS,NPM/Yarn,True,GitHub Actions,f14937b79b7b81f5072518a584ab4799f3f3fe5c,2025-02-11T21:19:52Z
qrohlf/trianglify,JavaScript,10100,https://github.com/qrohlf/trianglify,SUCCESS,NPM/Yarn,True,GitHub Actions,b959ccd656ca7294ebe363ee0c1dfbe72929a16e,2025-05-12T19:32:48Z
quasarframework/quasar,JavaScript,27079,https://github.com/quasarframework/quasar,NO_CI,NPM/Yarn,True,GitHub Actions,a89be635730aa63625e68283ff3291749e4812a2,2025-01-03T11:52:30Z
qunitjs/qunit,JavaScript,4028,https://github.com/qunitjs/qunit,SUCCESS,NPM/Yarn,True,GitHub Actions,5f810e57c4608c06110dfb25a95b55a83949e91b,2025-01-16T22:23:41Z
rabbitmq/rabbitmq-server,JavaScript,13448,https://github.com/rabbitmq/rabbitmq-server,SUCCESS,Unknown,False,GitHub Actions,b836ca1d0824d8d4c24a62985ce869c388697c79,2024-12-27T20:21:05Z
ramda/ramda,JavaScript,24105,https://github.com/ramda/ramda,SUCCESS,NPM/Yarn,True,GitHub Actions,fdf8722d6cde38c4f8f85cc557100f83f431fd81,2025-01-08T19:51:08Z
raszi/node-tmp,JavaScript,769,https://github.com/raszi/node-tmp,SUCCESS,NPM/Yarn,True,GitHub Actions,995ac8cc45867b44babdf232a1ab0a3bb1d25d95,2025-04-07T15:17:29Z
rawgraphs/rawgraphs-app,JavaScript,8931,https://github.com/rawgraphs/rawgraphs-app,SUCCESS,NPM/Yarn,True,GitHub Actions,b7b2909111cc029ccf418dc3e7d079e0f4c50d6f,2025-01-28T17:16:02Z
react-bootstrap/prop-types-extra,JavaScript,27,https://github.com/react-bootstrap/prop-types-extra,SUCCESS,NPM/Yarn,True,GitHub Actions,f5bad2b08d2897be08280bcc72f43983da6cb2ad,2025-04-28T07:33:16Z
react-dropzone/react-dropzone,JavaScript,10975,https://github.com/react-dropzone/react-dropzone,SUCCESS,NPM/Yarn,True,GitHub Actions,356d9d5cb604c47e393f332f3dfe0e8d12c58d95,2025-02-23T06:55:35Z
reactjs/react-modal,JavaScript,7417,https://github.com/reactjs/react-modal,SUCCESS,NPM/Yarn,True,GitHub Actions,4b0574a4b82ab7750979869378452da34d4f5355,2025-11-03T15:40:00Z
reactjs/react-rails,JavaScript,6770,https://github.com/reactjs/react-rails,SUCCESS,NPM/Yarn,True,GitHub Actions,7f3adc6721fa723870d9a3d496d7dc3c869dd929,2025-11-11T04:59:42Z
reactjs/react-tabs,JavaScript,3149,https://github.com/reactjs/react-tabs,SUCCESS,NPM/Yarn,True,GitHub Actions,c4fb0cbe77f4e1fddba771fc1edb458499aed95b,2024-12-28T21:40:05Z
rehypejs/rehype,JavaScript,2174,https://github.com/rehypejs/rehype,SUCCESS,NPM/Yarn,True,GitHub Actions,3cedf9f5ba073365f663a23a6cbd7af8507c2ee2,2025-01-07T14:46:12Z
release-it/release-it,JavaScript,8835,https://github.com/release-it/release-it,SUCCESS,NPM/Yarn,True,GitHub Actions,162cfc9eef96c37935f372909289e299ec98e4e7,2025-01-06T06:07:00Z
remarkjs/remark,JavaScript,8731,https://github.com/remarkjs/remark,SUCCESS,NPM/Yarn,True,GitHub Actions,5fff1e44f1e1067677586ec700d80a2888414b17,2025-01-01T11:52:58Z
remotestorage/remotestorage.js,JavaScript,2391,https://github.com/remotestorage/remotestorage.js,SUCCESS,NPM/Yarn,True,GitHub Actions,5d8f659bd4e23fc83ad23469e220ee9de9aa111c,2025-05-26T13:52:38Z
remy/nodemon,JavaScript,26695,https://github.com/remy/nodemon,NO_CI,NPM/Yarn,True,GitHub Actions,8fc12e862ff7b2a84900abcc068c4085080074af,2025-03-15T18:09:14Z
retextjs/retext,JavaScript,2430,https://github.com/retextjs/retext,SUCCESS,NPM/Yarn,True,GitHub Actions,04580e54d857f86405c1b109f5205be58f1285f8,2025-02-04T14:37:27Z
RetireJS/retire.js,JavaScript,4066,https://github.com/RetireJS/retire.js,SUCCESS,Unknown,False,GitHub Actions,c57c2888f58d65da40c304bdc0632cec94dc8870,2024-12-29T11:32:18Z
remarkjs/react-markdown,JavaScript,15475,https://github.com/remarkjs/react-markdown,SUCCESS,NPM/Yarn,True,GitHub Actions,27d3949b31beb7aa7a6c0d3d4d34e6fd0965a7d3,2025-01-02T11:42:11Z
rexxars/registry-auth-token,JavaScript,34,https://github.com/rexxars/registry-auth-token,SUCCESS,NPM/Yarn,True,GitHub Actions,a17a58063180e7351b5ea74640342cca29894b18,2025-02-07T16:53:43Z
Rich-Harris/magic-string,JavaScript,2665,https://github.com/Rich-Harris/magic-string,SUCCESS,NPM/Yarn,True,GitHub Actions,0fd6253e3ef1912ae81ccc35d85ab32275715d5b,2025-08-22T00:14:39Z
riot/riot,JavaScript,14909,https://github.com/riot/riot,SUCCESS,NPM/Yarn,True,GitHub Actions,c44d50d3f213ca919be9addd986aa51177a3c7a8,2025-02-14T21:45:32Z
rollup/rollup,JavaScript,26227,https://github.com/rollup/rollup,SUCCESS,NPM/Yarn,True,GitHub Actions,c54fb1b705fc682f5050302a9b6f16d1b470bf00,2024-12-27T19:32:45Z
rstudio/bookdown,JavaScript,4011,https://github.com/rstudio/bookdown,FAILURE,Unknown,False,GitHub Actions,882e8d45a27ed35805bfbd5d096fb66e0d85b9e5,2025-01-07T15:54:32Z
rvagg/bl,JavaScript,438,https://github.com/rvagg/bl,FAILURE,NPM/Yarn,True,GitHub Actions,17e7a10c82b07f3ef63a4235a842159d6c08a7d0,2024-12-30T03:05:32Z
s-yadav/react-number-format,JavaScript,4076,https://github.com/s-yadav/react-number-format,FAILURE,NPM/Yarn,True,GitHub Actions,c45d19611ac6a88bb932e2cd8b312adc18fd0003,2024-12-08T20:06:26Z
sagalbot/vue-select,JavaScript,4689,https://github.com/sagalbot/vue-select,NO_CI,NPM/Yarn,True,GitHub Actions,db9e8999f809798dc08ccc38176726c8af5e7081,2025-02-06T18:14:18Z
saucelabs/node-saucelabs,JavaScript,97,https://github.com/saucelabs/node-saucelabs,SUCCESS,NPM/Yarn,True,GitHub Actions,da311f5b880e74fd70632e258483a5fd12e610b8,2025-01-30T10:47:38Z
SBoudrias/grouped-queue,JavaScript,86,https://github.com/SBoudrias/grouped-queue,SUCCESS,NPM/Yarn,True,GitHub Actions,64ac9a905634049ce0094a4ab5de53ac25178ea7,2025-08-17T00:37:50Z
SBoudrias/run-async,JavaScript,25,https://github.com/SBoudrias/run-async,SUCCESS,NPM/Yarn,True,GitHub Actions,6985377894471afda97afbf3ba400b2a229175eb,2025-06-19T18:51:41Z
scravy/node-macaddress,JavaScript,145,https://github.com/scravy/node-macaddress,SUCCESS,NPM/Yarn,True,GitHub Actions,ef0e57261af3da6c5b7c46ab74081ded514e4256,2025-12-28T19:17:17Z
screeps/screeps,JavaScript,3276,https://github.com/screeps/screeps,SUCCESS,NPM/Yarn,True,GitHub Actions,599c199752b78059ff20ce89e5a6aef1019fde48,2026-01-25T22:34:28Z
segmentio/evergreen,JavaScript,12442,https://github.com/segmentio/evergreen,SUCCESS,NPM/Yarn,True,GitHub Actions,9b774aee2d794f6cf2f73a054bd33066ca5898a9,2025-06-11T04:53:16Z
metalsmith/metalsmith,JavaScript,7835,https://github.com/metalsmith/metalsmith,SUCCESS,NPM/Yarn,True,GitHub Actions,d235288c00ba421ac403b631870bd3b076a90f4f,2025-08-03T19:04:00Z
semantic-release/semantic-release,JavaScript,23288,https://github.com/semantic-release/semantic-release,SUCCESS,NPM/Yarn,True,GitHub Actions,f1666d081ed854f56e1ee54d22524118fd68ba2f,2024-12-23T01:20:50Z
sendgrid/sendgrid-nodejs,JavaScript,3050,https://github.com/sendgrid/sendgrid-nodejs,SUCCESS,NPM/Yarn,True,GitHub Actions,75da9aa73f0b7cf9566bbdc40561678f9f23fcef,2025-02-19T10:00:39Z
senecajs/seneca,JavaScript,3959,https://github.com/senecajs/seneca,FAILURE,NPM/Yarn,True,GitHub Actions,0d64eb534565818b4cae72d6e8b8f4c484428975,2025-02-06T16:54:13Z
layui/layui,JavaScript,30532,https://github.com/layui/layui,SUCCESS,NPM/Yarn,True,GitHub Actions,dfe2703d4d185f4eba3eb9afa5faa5edfa1070e0,2024-12-25T11:15:41Z
sequelize/cli,JavaScript,2559,https://github.com/sequelize/cli,SUCCESS,NPM/Yarn,True,GitHub Actions,c03f20e17065bae4bad7801732c8e789c0d3271e,2025-05-05T13:03:20Z
SeriaWei/ZKEACMS,JavaScript,2849,https://github.com/SeriaWei/ZKEACMS,SUCCESS,NPM/Yarn,True,GitHub Actions,6fbd22a0d71a751a8506d4b144d27504b88034eb,2025-02-20T12:25:54Z
serverless/serverless,JavaScript,46951,https://github.com/serverless/serverless,SUCCESS,NPM/Yarn,True,GitHub Actions,c9d519e52e6c593cb827d47a69efdbf748f9df61,2024-12-17T12:00:32Z
shakacode/react-webpack-rails-tutorial,JavaScript,1722,https://github.com/shakacode/react-webpack-rails-tutorial,SUCCESS,NPM/Yarn,True,GitHub Actions,f0e11210509ca09b556bc7bf34d62447f7007eda,2025-01-03T22:08:00Z
webpack/stylus-loader,JavaScript,495,https://github.com/webpack/stylus-loader,SUCCESS,NPM/Yarn,True,GitHub Actions,c09be4d39b2da0c76312a4912bfb9ae197dfb5c3,2025-01-21T17:25:04Z
share/sharedb,JavaScript,6523,https://github.com/share/sharedb,SUCCESS,NPM/Yarn,True,GitHub Actions,4d95a43e94e9da5a4f0bd380951b8adee20bb0ff,2025-03-04T17:27:46Z
shelljs/shelljs,JavaScript,14405,https://github.com/shelljs/shelljs,SUCCESS,NPM/Yarn,True,GitHub Actions,81ed1226d2fe8bdaf60ad60233c62f3729cd2bbe,2025-02-16T18:20:37Z
shentao/vue-multiselect,JavaScript,6785,https://github.com/shentao/vue-multiselect,SUCCESS,NPM/Yarn,True,GitHub Actions,29b13ec3faaa456c084267faf6b650eb79a1774c,2024-12-30T09:49:04Z
jslicense/spdx-license-ids,JavaScript,37,https://github.com/jslicense/spdx-license-ids,SUCCESS,NPM/Yarn,True,GitHub Actions,7aa5c6b1918eb3a7fbcd8dac38007221ad1243c1,2025-01-15T02:48:10Z
shipshapecode/shepherd,JavaScript,13641,https://github.com/shipshapecode/shepherd,SUCCESS,NPM/Yarn,True,GitHub Actions,247b8ac5b68687872dd61d226a35158566d90ea2,2024-10-11T16:14:26Z
shipshapecode/tether,JavaScript,8504,https://github.com/shipshapecode/tether,NO_CI,NPM/Yarn,True,GitHub Actions,9358883fc61cf24fd9143e7a8261f925b54a460f,2025-12-04T13:33:45Z
Shopify/draggable,JavaScript,18448,https://github.com/Shopify/draggable,SUCCESS,NPM/Yarn,True,GitHub Actions,a14a2903032a02d160958d3e557ba8d09180c382,2025-03-19T00:38:10Z
shutterstock/rickshaw,JavaScript,6523,https://github.com/shutterstock/rickshaw,SUCCESS,NPM/Yarn,True,GitHub Actions,0e0671e6fdd843b6b0ea881600804fc57667925d,2025-01-17T01:12:28Z
sidorares/node-mysql2,JavaScript,4328,https://github.com/sidorares/node-mysql2,SUCCESS,NPM/Yarn,True,GitHub Actions,d115ee06be99e2b16697f5931e8b26ed8e3bb5c9,2025-01-01T03:42:01Z
Siilwyn/css-declaration-sorter,JavaScript,378,https://github.com/Siilwyn/css-declaration-sorter,SUCCESS,NPM/Yarn,True,GitHub Actions,d0951b5a76b57ddc428ceb3519fee36a85a5bd8d,2024-04-25T13:56:49Z
simonwep/pickr,JavaScript,4468,https://github.com/simonwep/pickr,SUCCESS,NPM/Yarn,True,GitHub Actions,345091af645c42ee5e021d7cc3f70e71878ead95,2025-03-09T14:22:18Z
simov/grant,JavaScript,4176,https://github.com/simov/grant,SUCCESS,NPM/Yarn,True,GitHub Actions,20c5a71eb4c34d74c970b0152e9abc9ffc038b0a,2025-02-04T15:27:18Z
mainmatter/ember-simple-auth,JavaScript,1912,https://github.com/mainmatter/ember-simple-auth,FAILURE,NPM/Yarn,True,GitHub Actions,4bfd507570a704d51dabcb5d45b34c16d66fdb40,2024-12-29T23:46:53Z
simple-icons/simple-icons,JavaScript,24427,https://github.com/simple-icons/simple-icons,SUCCESS,NPM/Yarn,True,GitHub Actions,838098cdce288d25f591f1197453200697132300,2024-12-24T10:17:07Z
simple-statistics/simple-statistics,JavaScript,3501,https://github.com/simple-statistics/simple-statistics,SUCCESS,NPM/Yarn,True,GitHub Actions,6f4441823476e1666aff5105cdf8c6b713078b92,2025-02-24T14:42:05Z
sindresorhus/alfy,JavaScript,2651,https://github.com/sindresorhus/alfy,SUCCESS,NPM/Yarn,True,GitHub Actions,3e9507ce0ec61552fa8f6b8df33c420ca64f3f91,2025-09-15T21:08:58Z
sindresorhus/ansi-escapes,JavaScript,536,https://github.com/sindresorhus/ansi-escapes,SUCCESS,NPM/Yarn,True,GitHub Actions,a5d36d2cd5d4ed6a6ae01783cf1a314d679a7839,2025-09-09T16:20:34Z
sindresorhus/any-observable,JavaScript,74,https://github.com/sindresorhus/any-observable,SUCCESS,NPM/Yarn,True,GitHub Actions,a7bcd389c87881caeef82f29b70fe156c528bf5d,2026-02-02T04:25:52Z
sindresorhus/binary-extensions,JavaScript,89,https://github.com/sindresorhus/binary-extensions,SUCCESS,NPM/Yarn,True,GitHub Actions,7d4d3bb461e18e092d03e3d09d214e7732039a81,2025-05-04T07:18:11Z
sindresorhus/boxen,JavaScript,1652,https://github.com/sindresorhus/boxen,SUCCESS,NPM/Yarn,True,GitHub Actions,af0098901175156af7829cbf24259df1dcb8e41d,2025-09-19T03:55:38Z
sindresorhus/builtin-modules,JavaScript,125,https://github.com/sindresorhus/builtin-modules,SUCCESS,NPM/Yarn,True,GitHub Actions,7a54302f4a850becedac18df19a1c05c292bb045,2025-02-27T09:34:06Z
sindresorhus/caller-callsite,JavaScript,54,https://github.com/sindresorhus/caller-callsite,SUCCESS,NPM/Yarn,True,GitHub Actions,ee75592d05ca93e5ca2d119accd813afb60c0c9b,2025-09-21T08:25:11Z
sindresorhus/callsites,JavaScript,268,https://github.com/sindresorhus/callsites,SUCCESS,NPM/Yarn,True,GitHub Actions,06a72bb6e187eb22baa1047e0e24a3dd72260ff5,2025-09-09T08:53:45Z
sindresorhus/camelcase,JavaScript,697,https://github.com/sindresorhus/camelcase,SUCCESS,NPM/Yarn,True,GitHub Actions,8596a65fcbfedd474cdedf16f48b7d9381eb7953,2025-11-10T20:37:36Z
sindresorhus/cli-spinners,JavaScript,2751,https://github.com/sindresorhus/cli-spinners,SUCCESS,NPM/Yarn,True,GitHub Actions,b3df585ba07190db9ec783d7f4eab5e857438c37,2025-07-14T12:48:30Z
sindresorhus/cli-truncate,JavaScript,88,https://github.com/sindresorhus/cli-truncate,SUCCESS,NPM/Yarn,True,GitHub Actions,8f0d9d93e9281855166975db26908f2a11bac54b,2025-08-31T07:57:12Z
sindresorhus/clipboardy,JavaScript,1938,https://github.com/sindresorhus/clipboardy,SUCCESS,NPM/Yarn,True,GitHub Actions,41e611d66706ce41794608b20467dda56fe187f1,2025-08-27T12:07:11Z
sindresorhus/create-dmg,JavaScript,5163,https://github.com/sindresorhus/create-dmg,SUCCESS,NPM/Yarn,True,GitHub Actions,1e57db206e33f91481eeae3e0f9d373379a31fc3,2025-08-30T08:15:44Z
sindresorhus/decompress-response,JavaScript,75,https://github.com/sindresorhus/decompress-response,SUCCESS,NPM/Yarn,True,GitHub Actions,abd39c9ae0822caec8be385f33d2b434d2f0bc88,2025-10-13T18:01:52Z
sindresorhus/detect-indent,JavaScript,201,https://github.com/sindresorhus/detect-indent,SUCCESS,NPM/Yarn,True,GitHub Actions,25d3cf12f54807147e56ac3d4f557c9cc7904c96,2026-02-02T19:22:05Z
sindresorhus/dot-prop,JavaScript,865,https://github.com/sindresorhus/dot-prop,SUCCESS,NPM/Yarn,True,GitHub Actions,66a5f1f5e444569c0532c1531de38ef39da178ea,2025-09-13T17:45:07Z
sindresorhus/electron-store,JavaScript,4980,https://github.com/sindresorhus/electron-store,SUCCESS,NPM/Yarn,True,GitHub Actions,e70553f343fe6263974e262117a028ac236a3fee,2025-01-28T06:12:46Z
sindresorhus/env-paths,JavaScript,427,https://github.com/sindresorhus/env-paths,SUCCESS,NPM/Yarn,True,GitHub Actions,51bca524129cc9d046eb18a3bc104063dcf97c1c,2026-01-02T22:42:48Z
sindresorhus/execa,JavaScript,7427,https://github.com/sindresorhus/execa,SUCCESS,NPM/Yarn,True,GitHub Actions,d3fd3659f1d48db4b7acb61c313ff72970b280be,2025-03-29T03:28:25Z
sindresorhus/exit-hook,JavaScript,302,https://github.com/sindresorhus/exit-hook,SUCCESS,NPM/Yarn,True,GitHub Actions,862f49ceed5f3402c174168ab86b1103cf253cd6,2025-10-13T14:51:14Z
sindresorhus/file-type,JavaScript,4221,https://github.com/sindresorhus/file-type,SUCCESS,NPM/Yarn,True,GitHub Actions,f9786194604b73dc94264f669f2ae44f11fbabf4,2024-12-27T10:00:18Z
sindresorhus/filenamify-url,JavaScript,80,https://github.com/sindresorhus/filenamify-url,SUCCESS,NPM/Yarn,True,GitHub Actions,17162beecd0d5bcc58c450113b0f9949a7e0c5ec,2025-09-15T00:09:24Z
sindresorhus/filenamify,JavaScript,514,https://github.com/sindresorhus/filenamify,SUCCESS,NPM/Yarn,True,GitHub Actions,1dca567780ae28a3803acd29b00b7b2c2103bb0a,2025-09-14T23:15:53Z
sindresorhus/find-up,JavaScript,634,https://github.com/sindresorhus/find-up,SUCCESS,NPM/Yarn,True,GitHub Actions,6076472b32ba30c07dde2a75c45972acd59bac7a,2025-03-21T07:34:30Z
sindresorhus/fkill-cli,JavaScript,6985,https://github.com/sindresorhus/fkill-cli,SUCCESS,NPM/Yarn,True,GitHub Actions,72e590d95dff3a7eaaa7e22f7808fd133f4e2182,2025-11-09T09:51:54Z
sindresorhus/get-port,JavaScript,925,https://github.com/sindresorhus/get-port,SUCCESS,NPM/Yarn,True,GitHub Actions,c401d13dbd818a96fd3f6bd931d65edfb78152cb,2025-09-10T10:31:21Z
sindresorhus/get-stdin,JavaScript,346,https://github.com/sindresorhus/get-stdin,SUCCESS,NPM/Yarn,True,GitHub Actions,2399242d1871cc763aaea5aa8e62699c377e3cb2,2026-02-05T08:47:20Z
sindresorhus/gh-got,JavaScript,177,https://github.com/sindresorhus/gh-got,SUCCESS,NPM/Yarn,True,GitHub Actions,ba12930d625dfef12cc26eea171a583722d23fa8,2025-11-02T04:00:06Z
sindresorhus/github-username,JavaScript,125,https://github.com/sindresorhus/github-username,SUCCESS,NPM/Yarn,True,GitHub Actions,1198f36289c7b10623205394076522e80857436b,2025-02-20T13:35:30Z
sindresorhus/global-directory,JavaScript,77,https://github.com/sindresorhus/global-directory,SUCCESS,NPM/Yarn,True,GitHub Actions,dd04056b1239de83b62a249fce38fdb3a25f2dd0,2026-02-02T09:06:27Z
sindresorhus/globals,JavaScript,557,https://github.com/sindresorhus/globals,SUCCESS,NPM/Yarn,True,GitHub Actions,504276b5f1f6475720a3b9b7f6158d72f2bd6ad8,2025-02-12T09:47:22Z
sindresorhus/globby,JavaScript,2632,https://github.com/sindresorhus/globby,SUCCESS,NPM/Yarn,True,GitHub Actions,cba89414c502a32b8bbac2c4ee5a7d122489a139,2025-02-07T05:19:36Z
sindresorhus/grunt-sass,JavaScript,1017,https://github.com/sindresorhus/grunt-sass,SUCCESS,NPM/Yarn,True,GitHub Actions,4597cc7e8027a4c2bf485a02f12e711aad7908f4,2025-02-07T16:11:51Z
sindresorhus/gulp-autoprefixer,JavaScript,686,https://github.com/sindresorhus/gulp-autoprefixer,SUCCESS,NPM/Yarn,True,GitHub Actions,cb10f0450962e400974d5eb3a4aa57f1a6aacaaf,2025-09-11T21:26:23Z
sindresorhus/gulp-filter,JavaScript,313,https://github.com/sindresorhus/gulp-filter,SUCCESS,NPM/Yarn,True,GitHub Actions,3d8ce50e741abe3a7e9ef8be06b76dfe65c4a804,2025-01-24T06:31:09Z
sindresorhus/gulp-imagemin,JavaScript,1904,https://github.com/sindresorhus/gulp-imagemin,SUCCESS,NPM/Yarn,True,GitHub Actions,4aeb1458edaf8329fb1314103d4f8c55bd77f6e0,2025-11-11T06:40:13Z
sindresorhus/gulp-rev,JavaScript,1540,https://github.com/sindresorhus/gulp-rev,SUCCESS,NPM/Yarn,True,GitHub Actions,dcc2cd195d153c29d7830324fe20d27e6e37ffb8,2025-10-31T05:23:16Z
sindresorhus/gulp-size,JavaScript,227,https://github.com/sindresorhus/gulp-size,SUCCESS,NPM/Yarn,True,GitHub Actions,dbcf74c2ed299c52f2423baf85acc4f9d2d63cc9,2025-01-24T06:31:39Z
sindresorhus/hasha,JavaScript,959,https://github.com/sindresorhus/hasha,SUCCESS,NPM/Yarn,True,GitHub Actions,1d6c692683627cad5c1dbcf42bdc8cb84816ab8e,2025-09-12T16:56:25Z
sindresorhus/html-tags,JavaScript,192,https://github.com/sindresorhus/html-tags,SUCCESS,NPM/Yarn,True,GitHub Actions,13d88ec71d64ece974cd8bcbccb9e01abb1bb983,2025-05-07T07:02:26Z
sindresorhus/import-fresh,JavaScript,287,https://github.com/sindresorhus/import-fresh,FAILURE,NPM/Yarn,True,GitHub Actions,de6c85d0d4c52eee849811e664420b27a4fa9d5e,2026-02-25T07:55:35Z
sindresorhus/internal-ip,JavaScript,349,https://github.com/sindresorhus/internal-ip,SUCCESS,NPM/Yarn,True,GitHub Actions,c2c3e70e984dbec4007c9add0d5300413889e354,2025-09-16T16:07:33Z
sindresorhus/into-stream,JavaScript,213,https://github.com/sindresorhus/into-stream,SUCCESS,NPM/Yarn,True,GitHub Actions,4082f72e8ccbee03b18811e9766fa1dc468d3ca4,2025-09-09T20:58:49Z
sindresorhus/irregular-plurals,JavaScript,91,https://github.com/sindresorhus/irregular-plurals,SUCCESS,NPM/Yarn,True,GitHub Actions,aae066f3def1d1a8dc3fcfc3632ef4df24946db5,2025-09-09T09:56:12Z
sindresorhus/is-absolute-url,JavaScript,80,https://github.com/sindresorhus/is-absolute-url,SUCCESS,NPM/Yarn,True,GitHub Actions,76c6aff8bd56c55977f37ec71a5d9562bd55ea64,2025-09-13T08:01:21Z
sindresorhus/is-builtin-module,JavaScript,63,https://github.com/sindresorhus/is-builtin-module,SUCCESS,NPM/Yarn,True,GitHub Actions,24876d26f9a345063814c3e41c8494f274657022,2025-02-27T09:40:22Z
sindresorhus/is-fullwidth-code-point,JavaScript,51,https://github.com/sindresorhus/is-fullwidth-code-point,SUCCESS,NPM/Yarn,True,GitHub Actions,f754263f640a3004ab5d151a7116722926711d19,2025-08-31T07:34:02Z
sindresorhus/is-npm,JavaScript,66,https://github.com/sindresorhus/is-npm,SUCCESS,NPM/Yarn,True,GitHub Actions,7c8169f06cf1e20b3806b9ade57757c89f276e0c,2025-09-10T17:11:01Z
sindresorhus/is-path-cwd,JavaScript,22,https://github.com/sindresorhus/is-path-cwd,SUCCESS,NPM/Yarn,True,GitHub Actions,08e1b9d2a1c7efc6e67876d27d335577778c0536,2025-05-10T06:53:52Z
sindresorhus/is-path-inside,JavaScript,40,https://github.com/sindresorhus/is-path-inside,SUCCESS,NPM/Yarn,True,GitHub Actions,f2350a0a45d7188d2d311ed5f8da5c80eda40494,2025-09-11T10:29:02Z
sindresorhus/is-relative-url,JavaScript,26,https://github.com/sindresorhus/is-relative-url,SUCCESS,NPM/Yarn,True,GitHub Actions,2cfc1d54714e84432f074ae2844ce99e71978b00,2025-09-10T10:56:02Z
sindresorhus/is-svg,JavaScript,143,https://github.com/sindresorhus/is-svg,SUCCESS,NPM/Yarn,True,GitHub Actions,e43ec2467722832346baa978eed706824ee67ac3,2025-04-29T10:46:36Z
sindresorhus/is-wsl,JavaScript,199,https://github.com/sindresorhus/is-wsl,NO_CI,NPM/Yarn,True,GitHub Actions,3846912511f7d25f353efc607d500993b1a6deb2,2026-02-15T08:41:20Z
sindresorhus/leven,JavaScript,732,https://github.com/sindresorhus/leven,SUCCESS,NPM/Yarn,True,GitHub Actions,a94ecd152831d62cbf67931d17786d498305056d,2025-04-12T16:30:28Z
sindresorhus/locate-path,JavaScript,62,https://github.com/sindresorhus/locate-path,SUCCESS,NPM/Yarn,True,GitHub Actions,4c4ee027b830c35ff7605421a8ad92208f1b868a,2025-09-15T22:33:16Z
sindresorhus/log-symbols,JavaScript,769,https://github.com/sindresorhus/log-symbols,SUCCESS,NPM/Yarn,True,GitHub Actions,d00afbd2469e61f7383706bdc85637049436dd77,2025-05-21T13:44:55Z
sindresorhus/log-update,JavaScript,1139,https://github.com/sindresorhus/log-update,SUCCESS,NPM/Yarn,True,GitHub Actions,400da7a5c6ff56e48359e210fc0537d1ad20dfba,2025-03-13T05:32:08Z
sindresorhus/lowercase-keys,JavaScript,41,https://github.com/sindresorhus/lowercase-keys,SUCCESS,NPM/Yarn,True,GitHub Actions,511c6fdfc7b9074ffeee4ea01d03695ebc0a2f03,2026-02-02T18:14:06Z
sindresorhus/macos-release,JavaScript,67,https://github.com/sindresorhus/macos-release,SUCCESS,NPM/Yarn,True,GitHub Actions,2f7763c2e0be14532d8c49186cfae7b8d3fd8801,2025-06-11T18:29:54Z
sindresorhus/make-dir,JavaScript,477,https://github.com/sindresorhus/make-dir,SUCCESS,NPM/Yarn,True,GitHub Actions,5e4210dea885f2d45a8af8839e836a14aacdbf06,2025-09-10T18:24:26Z
sindresorhus/map-obj,JavaScript,217,https://github.com/sindresorhus/map-obj,SUCCESS,NPM/Yarn,True,GitHub Actions,025aa638b38592630d60e711de603193a59609c9,2025-06-01T08:01:27Z
sindresorhus/meow,JavaScript,3689,https://github.com/sindresorhus/meow,SUCCESS,NPM/Yarn,True,GitHub Actions,a691341b2f15fbb7cbd654de550871623dda0b40,2025-09-15T11:23:34Z
sindresorhus/multimatch,JavaScript,307,https://github.com/sindresorhus/multimatch,NO_CI,NPM/Yarn,True,GitHub Actions,401f689c4463b414a498fdea5d92c7f8e1cf0e39,2026-02-20T10:24:51Z
sindresorhus/normalize-url,JavaScript,870,https://github.com/sindresorhus/normalize-url,SUCCESS,NPM/Yarn,True,GitHub Actions,0d866eb2fd3f96fba7dfbc2687cefe001cdc96ad,2025-06-09T10:31:52Z
sindresorhus/np,JavaScript,7682,https://github.com/sindresorhus/np,SUCCESS,NPM/Yarn,True,GitHub Actions,8187dfe88102fe98e10764ae247135d9c47060ce,2025-01-26T11:45:50Z
sindresorhus/onetime,JavaScript,165,https://github.com/sindresorhus/onetime,SUCCESS,NPM/Yarn,True,GitHub Actions,481ec583f8303e98c4d1d16bb316ef8e6b04d72c,2026-02-02T07:41:43Z
sindresorhus/open,JavaScript,3444,https://github.com/sindresorhus/open,SUCCESS,NPM/Yarn,True,GitHub Actions,55537f1291b6e66274f754eae8e85bb2caedb1e2,2025-04-15T07:52:01Z
sindresorhus/ora,JavaScript,9600,https://github.com/sindresorhus/ora,SUCCESS,NPM/Yarn,True,GitHub Actions,fe951e57c71fefde94f4d7205ce360e5568af06b,2025-02-02T07:25:05Z
sindresorhus/os-locale,JavaScript,228,https://github.com/sindresorhus/os-locale,SUCCESS,NPM/Yarn,True,GitHub Actions,2db707a5c7b66ba1c4b99c4504395693c6b558fc,2026-02-03T19:09:23Z
sindresorhus/os-name,JavaScript,148,https://github.com/sindresorhus/os-name,SUCCESS,NPM/Yarn,True,GitHub Actions,fb11f9ca755cadbfb6dcbe3763945012022f28c6,2025-05-22T22:42:47Z
sindresorhus/p-defer,JavaScript,84,https://github.com/sindresorhus/p-defer,SUCCESS,NPM/Yarn,True,GitHub Actions,67a30a04de1086305b24a31a37594d3129fee415,2025-09-08T11:20:15Z
sindresorhus/p-event,JavaScript,445,https://github.com/sindresorhus/p-event,SUCCESS,NPM/Yarn,True,GitHub Actions,1784894b2fccb783e4224a95d0d82e3c28c03849,2025-09-10T16:43:03Z
sindresorhus/p-limit,JavaScript,2784,https://github.com/sindresorhus/p-limit,SUCCESS,NPM/Yarn,True,GitHub Actions,be1965bea1133b683a509f680a31bcc2e14c1be2,2025-08-14T14:51:00Z
sindresorhus/p-locate,JavaScript,77,https://github.com/sindresorhus/p-locate,SUCCESS,NPM/Yarn,True,GitHub Actions,d5c7456be1f39123c9d906429217e86fae197bfd,2025-02-17T18:37:46Z
sindresorhus/p-map,JavaScript,1481,https://github.com/sindresorhus/p-map,SUCCESS,NPM/Yarn,True,GitHub Actions,82b8cdc26d9910c1a9abe6813ddad5f3a55f88b2,2025-11-10T19:54:22Z
sindresorhus/p-retry,JavaScript,984,https://github.com/sindresorhus/p-retry,SUCCESS,NPM/Yarn,True,GitHub Actions,6a898279685699ed3934a402c84d7d5e44ccff4e,2025-05-06T11:18:01Z
sindresorhus/p-timeout,JavaScript,299,https://github.com/sindresorhus/p-timeout,SUCCESS,NPM/Yarn,True,GitHub Actions,fd93994892d0b3cba6da61787ac6b5da3ad3f2d5,2025-01-01T13:03:23Z
sindresorhus/p-try,JavaScript,60,https://github.com/sindresorhus/p-try,SUCCESS,NPM/Yarn,True,GitHub Actions,b32d5d478132baa28a96419f29fdea46885dfef3,2025-09-16T02:55:35Z
sindresorhus/parent-module,JavaScript,79,https://github.com/sindresorhus/parent-module,SUCCESS,NPM/Yarn,True,GitHub Actions,902ede090ad4710113453036005c19d9cbadc3b5,2025-09-14T23:26:42Z
sindresorhus/parse-json,JavaScript,372,https://github.com/sindresorhus/parse-json,SUCCESS,NPM/Yarn,True,GitHub Actions,181ad6f63b87f79184b1e62bdea6be64ceccd0d6,2025-03-20T16:22:09Z
sindresorhus/path-key,JavaScript,46,https://github.com/sindresorhus/path-key,SUCCESS,NPM/Yarn,True,GitHub Actions,7337c2a76f5b50a770d275edd57eeaebe9c25c51,2025-09-12T15:46:18Z
sindresorhus/path-type,JavaScript,80,https://github.com/sindresorhus/path-type,SUCCESS,NPM/Yarn,True,GitHub Actions,a717f72dee94c2d24ce8f799879a9e26721e7cf7,2026-02-02T19:08:19Z
sindresorhus/package-directory,JavaScript,251,https://github.com/sindresorhus/package-directory,SUCCESS,NPM/Yarn,True,GitHub Actions,cec34977c37bcf821379a8f257db4d5e05f8498b,2025-06-05T18:31:39Z
sindresorhus/package-up,JavaScript,166,https://github.com/sindresorhus/package-up,SUCCESS,NPM/Yarn,True,GitHub Actions,5230f5c41ca316d0c0d73faf7b50b4788546294c,2025-06-05T18:56:47Z
sindresorhus/plur,JavaScript,254,https://github.com/sindresorhus/plur,SUCCESS,NPM/Yarn,True,GitHub Actions,1feff0d3df7cece21087ca20a5ffaeac524dc868,2025-11-02T09:20:29Z
sindresorhus/prepend-http,JavaScript,66,https://github.com/sindresorhus/prepend-http,SUCCESS,NPM/Yarn,True,GitHub Actions,f2484a9cc7a07ec8cec848af35441327186c7cfe,2025-09-09T13:17:36Z
sindresorhus/pretty-bytes,JavaScript,1291,https://github.com/sindresorhus/pretty-bytes,SUCCESS,NPM/Yarn,True,GitHub Actions,c4252aa5b0ddba6edc82df87ab5cbec0cd0ee8a0,2025-01-10T09:49:14Z
sindresorhus/pretty-ms,JavaScript,1211,https://github.com/sindresorhus/pretty-ms,SUCCESS,NPM/Yarn,True,GitHub Actions,ab52d6aec3aea644a4f07ddab2928e2f39dd9941,2025-09-15T10:58:43Z
sindresorhus/query-string,JavaScript,6907,https://github.com/sindresorhus/query-string,SUCCESS,NPM/Yarn,True,GitHub Actions,88e1e36dd3bccf178dfaf54f44293e790d8bbd9d,2025-03-18T15:40:38Z
sindresorhus/quick-lru,JavaScript,752,https://github.com/sindresorhus/quick-lru,SUCCESS,NPM/Yarn,True,GitHub Actions,7d6aabb1f92cc12d67f848c5fa4bb1eae30c46a1,2025-04-09T09:28:42Z
sindresorhus/read-package-up,JavaScript,268,https://github.com/sindresorhus/read-package-up,SUCCESS,NPM/Yarn,True,GitHub Actions,a9236d35b77d34d22a33e5efeec823ff305e5e3c,2025-11-07T18:10:35Z
sindresorhus/read-pkg,JavaScript,175,https://github.com/sindresorhus/read-pkg,SUCCESS,NPM/Yarn,True,GitHub Actions,13f8a65b8db5719fb69af189c65a0be487a373c5,2025-11-07T18:04:52Z
sindresorhus/registry-url,JavaScript,57,https://github.com/sindresorhus/registry-url,SUCCESS,NPM/Yarn,True,GitHub Actions,58a9dc7d1e39d6c83b009f51115f96bd2c5d09a7,2025-04-03T07:37:03Z
sindresorhus/serialize-error,JavaScript,598,https://github.com/sindresorhus/serialize-error,SUCCESS,NPM/Yarn,True,GitHub Actions,a031f986407f881e3c56d57cedefafdcca91c697,2025-01-03T21:36:00Z
sindresorhus/set-immediate-shim,JavaScript,29,https://github.com/sindresorhus/set-immediate-shim,SUCCESS,NPM/Yarn,True,GitHub Actions,0446280ceb6afca19b1ae2cc3049d2be32907584,2025-09-13T08:45:41Z
sindresorhus/slugify,JavaScript,2678,https://github.com/sindresorhus/slugify,SUCCESS,NPM/Yarn,True,GitHub Actions,7c318bd1aa4b4affab29761f15a9604323fe2a3b,2025-09-11T12:11:41Z
sindresorhus/sort-keys,JavaScript,108,https://github.com/sindresorhus/sort-keys,SUCCESS,NPM/Yarn,True,GitHub Actions,8314f028bbc246dbb83e8f8365a8752176e6c1ea,2025-08-21T10:25:48Z
sindresorhus/string-length,JavaScript,170,https://github.com/sindresorhus/string-length,SUCCESS,NPM/Yarn,True,GitHub Actions,799f8f6799c542ee44f7e5e4b819ab71cee7b6d6,2026-01-21T02:49:52Z
sindresorhus/string-width,JavaScript,520,https://github.com/sindresorhus/string-width,SUCCESS,NPM/Yarn,True,GitHub Actions,68f54fe07437c6ac5f659f760b713a1fd2cd8be6,2025-08-22T06:07:55Z
sindresorhus/strip-indent,JavaScript,145,https://github.com/sindresorhus/strip-indent,SUCCESS,NPM/Yarn,True,GitHub Actions,80954df300d328a00499203d0d1f276f4ec6f569,2025-09-10T21:19:47Z
sindresorhus/strip-json-comments,JavaScript,622,https://github.com/sindresorhus/strip-json-comments,SUCCESS,NPM/Yarn,True,GitHub Actions,ba1182cbeae33349b8f8d6094d34772d631ac7d4,2025-05-16T20:47:05Z
sindresorhus/tempfile,JavaScript,81,https://github.com/sindresorhus/tempfile,SUCCESS,NPM/Yarn,True,GitHub Actions,f653871e1dff3f8bbe856fd5ca87c20f61abbcee,2026-01-23T17:52:20Z
sindresorhus/terminal-size,JavaScript,146,https://github.com/sindresorhus/terminal-size,SUCCESS,NPM/Yarn,True,GitHub Actions,6d05381b8c9d5955d53868f4ac51ea8a3a6bcc03,2026-02-02T05:17:55Z
sindresorhus/timed-out,JavaScript,51,https://github.com/sindresorhus/timed-out,SUCCESS,NPM/Yarn,True,GitHub Actions,d4d40e5661f1b4083cd70a2d7d42c4e2ab90f5bd,2025-09-09T20:36:14Z
sindresorhus/trash,JavaScript,2653,https://github.com/sindresorhus/trash,SUCCESS,NPM/Yarn,True,GitHub Actions,83912fce971183d1fe255f5a182dac66640215ba,2025-09-10T19:07:25Z
sindresorhus/untildify,JavaScript,148,https://github.com/sindresorhus/untildify,SUCCESS,NPM/Yarn,True,GitHub Actions,ca6416bcad1135c4c039d831cf7c1ce22b337896,2025-09-09T19:24:08Z
sindresorhus/url-parse-lax,JavaScript,55,https://github.com/sindresorhus/url-parse-lax,SUCCESS,NPM/Yarn,True,GitHub Actions,94a1fb1fa625198b6cfe6f84637b6ba7c104a069,2025-09-07T22:08:09Z
sindresorhus/widest-line,JavaScript,40,https://github.com/sindresorhus/widest-line,SUCCESS,NPM/Yarn,True,GitHub Actions,d1f04193564d484ca6e24fd8d78d96545ccb0a83,2026-01-24T03:24:55Z
sindresorhus/windows-release,JavaScript,47,https://github.com/sindresorhus/windows-release,SUCCESS,NPM/Yarn,True,GitHub Actions,5090a0efed6dad1ef2dbbeb667598a1804eb123d,2025-05-21T15:50:17Z
sindresorhus/write-json-file,JavaScript,223,https://github.com/sindresorhus/write-json-file,SUCCESS,NPM/Yarn,True,GitHub Actions,0df5573675c87b98e83540e88e84090c322d09f3,2025-09-14T22:33:48Z
sindresorhus/yn,JavaScript,272,https://github.com/sindresorhus/yn,SUCCESS,NPM/Yarn,True,GitHub Actions,35cc127b44da2a879c358b2054a0bd791638b32d,2025-08-22T08:51:32Z
single-spa/single-spa,JavaScript,13846,https://github.com/single-spa/single-spa,SUCCESS,NPM/Yarn,True,GitHub Actions,1c82512311436f0e2d137299f7b0103941adaf53,2025-02-22T03:06:40Z
sinonjs/nise,JavaScript,112,https://github.com/sinonjs/nise,FAILURE,NPM/Yarn,True,GitHub Actions,d918481c5c211eb290b6c6c0207b16f10ca07299,2025-05-09T12:26:43Z
sinonjs/samsam,JavaScript,27,https://github.com/sinonjs/samsam,SUCCESS,NPM/Yarn,True,GitHub Actions,b156b6ef37f862fd5a00747b80803e2557011b92,2025-05-09T12:15:54Z
sinonjs/sinon,JavaScript,9764,https://github.com/sinonjs/sinon,SUCCESS,NPM/Yarn,True,GitHub Actions,80bc1d96371580a8b2dad39122db46933e7f5884,2024-10-31T06:13:07Z
sitespeedio/sitespeed.io,JavaScript,4967,https://github.com/sitespeedio/sitespeed.io,SUCCESS,NPM/Yarn,True,GitHub Actions,1b009d2f6969996817fd24c727bd4ec637d4f0a3,2024-12-25T15:10:41Z
slevithan/xregexp,JavaScript,3329,https://github.com/slevithan/xregexp,SUCCESS,NPM/Yarn,True,GitHub Actions,838ce76109d0fa7806571208da6749c4094c6071,2025-02-21T14:06:56Z
sockjs/sockjs-client,JavaScript,8523,https://github.com/sockjs/sockjs-client,SUCCESS,NPM/Yarn,True,GitHub Actions,f15ff976f8ea30b41c91cf943b4743edc69240a2,2025-02-12T07:22:54Z
spencermountain/compromise,JavaScript,12028,https://github.com/spencermountain/compromise,FAILURE,NPM/Yarn,True,GitHub Actions,0f21bc292235969447b8691e95ecd6d21eb12813,2025-01-16T23:06:02Z
spencermountain/spacetime,JavaScript,4116,https://github.com/spencermountain/spacetime,SUCCESS,NPM/Yarn,True,GitHub Actions,323d4e374a51469f29f1b5063ea30883009de74a,2025-03-07T16:49:16Z
SpinaCMS/Spina,JavaScript,2254,https://github.com/SpinaCMS/Spina,SUCCESS,Unknown,False,GitHub Actions,8f7d438d874593ce1d70b3733c35f5e4c1a5bbc2,2025-03-01T18:05:44Z
amqp-node/amqplib,JavaScript,3827,https://github.com/amqp-node/amqplib,SUCCESS,NPM/Yarn,True,GitHub Actions,b2c82f5b82f060610f5f775996e9ce59cc8482c3,2024-12-28T10:24:49Z
stampit-org/stampit,JavaScript,3015,https://github.com/stampit-org/stampit,SUCCESS,NPM/Yarn,True,GitHub Actions,8a9c384638638b94b39257fde6a745388c692631,2025-09-02T02:38:58Z
statsd/statsd,JavaScript,18006,https://github.com/statsd/statsd,SUCCESS,NPM/Yarn,True,GitHub Actions,96d9040fb316c76a32a60c04030d9486342bafc4,2025-01-31T16:23:55Z
stdlib-js/stdlib,JavaScript,5721,https://github.com/stdlib-js/stdlib,SUCCESS,NPM/Yarn,True,GitHub Actions,e45fd643c455293c39224899a16bcb4f8ea9e3db,2025-09-21T17:33:56Z
stream-utils/raw-body,JavaScript,398,https://github.com/stream-utils/raw-body,SUCCESS,NPM/Yarn,True,GitHub Actions,a4460a4558f5e2ee876829c77237bc7f6baada3c,2025-08-21T22:57:09Z
streamlink/streamlink-twitch-gui,JavaScript,2831,https://github.com/streamlink/streamlink-twitch-gui,SUCCESS,NPM/Yarn,True,GitHub Actions,924f4463ba4aaaab53c2682b6e010de5ab2a3d24,2025-01-01T15:39:34Z
Studio-42/elFinder,JavaScript,4768,https://github.com/Studio-42/elFinder,SUCCESS,NPM/Yarn,True,GitHub Actions,a5602910439140b78f78180c340a1371d760ecad,2025-08-28T10:53:03Z
Stuk/jszip,JavaScript,10291,https://github.com/Stuk/jszip,SUCCESS,NPM/Yarn,True,GitHub Actions,643714aa770afd8fe1df6cfc7e2bde945bb0ef64,2025-03-28T04:23:21Z
stylelint/stylelint-config-standard,JavaScript,1417,https://github.com/stylelint/stylelint-config-standard,SUCCESS,NPM/Yarn,True,GitHub Actions,c98f4c374feb246814cd1645ba674cad6d431bfd,2024-12-14T13:05:28Z
stylelint/stylelint,JavaScript,11425,https://github.com/stylelint/stylelint,SUCCESS,NPM/Yarn,True,GitHub Actions,3751cfb4c6ba8c94dbd88db75ff6bd77a1aa70bc,2024-12-25T22:25:32Z
stylus/stylus,JavaScript,11319,https://github.com/stylus/stylus,SUCCESS,NPM/Yarn,True,GitHub Actions,d0a13ca7b506c5bca81283cdd8ea4333fe638641,2025-01-31T04:49:39Z
tape-testing/tape,JavaScript,5803,https://github.com/tape-testing/tape,SUCCESS,NPM/Yarn,True,GitHub Actions,f7630c331744ff7c51a6eaa69604117f412c99d2,2025-01-06T19:42:35Z
summernote/summernote,JavaScript,11807,https://github.com/summernote/summernote,SUCCESS,NPM/Yarn,True,GitHub Actions,a5f8f7788600e95959975d99ec62ec74c86207ef,2025-11-20T04:35:44Z
sunspot/sunspot,JavaScript,2991,https://github.com/sunspot/sunspot,SUCCESS,Unknown,False,GitHub Actions,841f7e48367f5b76bdbc6e2de79035277462db81,2024-12-27T10:06:06Z
sveltejs/svelte,JavaScript,85729,https://github.com/sveltejs/svelte,SUCCESS,NPM/Yarn,True,GitHub Actions,7f8acb8a3705e1c9612f0d56e3a94596f0db1ef3,2024-12-24T15:39:03Z
SVG-Edit/svgedit,JavaScript,7493,https://github.com/SVG-Edit/svgedit,SUCCESS,NPM/Yarn,True,GitHub Actions,403237c18228df15846374a8ca789cccf5237ec4,2024-12-27T20:37:05Z
svg/svgo,JavaScript,22299,https://github.com/svg/svgo,SUCCESS,NPM/Yarn,True,GitHub Actions,0eccff2794342a875e6ac18905af22d9b421e0e6,2025-03-22T11:49:01Z
swagger-api/swagger-editor,JavaScript,9415,https://github.com/swagger-api/swagger-editor,SUCCESS,NPM/Yarn,True,GitHub Actions,4b6edf5d8d9df7cc4a2806a61aae5d4dc5046d75,2025-01-27T14:57:36Z
swagger-api/swagger-js,JavaScript,2692,https://github.com/swagger-api/swagger-js,NO_CI,NPM/Yarn,True,GitHub Actions,1d0bcea2cda8df39a8f2ec6be481bb1d7de4f1fa,2024-12-25T09:09:46Z
swagger-api/swagger-ui,JavaScript,28614,https://github.com/swagger-api/swagger-ui,SUCCESS,NPM/Yarn,True,GitHub Actions,f0149589df1acdb6e057286df78cc637875e1e3c,2025-01-24T23:38:29Z
sweetalert2/sweetalert2,JavaScript,18034,https://github.com/sweetalert2/sweetalert2,NO_CI,NPM/Yarn,True,GitHub Actions,f44791dd7fcc09342105f75d2aa3bad5ae5ca3ee,2025-01-01T14:47:22Z
symfony/webpack-encore,JavaScript,2235,https://github.com/symfony/webpack-encore,FAILURE,NPM/Yarn,True,GitHub Actions,d3c7d485264301ceffeadf28e597c15f0599cec5,2025-04-09T08:19:46Z
syntax-tree/hast-util-from-parse5,JavaScript,17,https://github.com/syntax-tree/hast-util-from-parse5,SUCCESS,NPM/Yarn,True,GitHub Actions,4f2e1d3930a0e8de34d86b5cbdd0e7ba35fe65f2,2025-02-19T14:40:57Z
syntax-tree/hastscript,JavaScript,198,https://github.com/syntax-tree/hastscript,SUCCESS,NPM/Yarn,True,GitHub Actions,fd7f68e80cd23da9301827b26bd58198e0055a82,2025-02-19T13:11:06Z
syntax-tree/unist-util-is,JavaScript,44,https://github.com/syntax-tree/unist-util-is,SUCCESS,NPM/Yarn,True,GitHub Actions,d4c88f197ed1ea5200cd7f78fa0ea18a610b0a50,2025-10-16T17:59:55Z
syntax-tree/unist-util-visit-parents,JavaScript,80,https://github.com/syntax-tree/unist-util-visit-parents,SUCCESS,NPM/Yarn,True,GitHub Actions,579ffbc73e016e5ebf6e579bff68d86b4899df5f,2025-10-16T18:18:43Z
syntax-tree/unist-util-visit,JavaScript,338,https://github.com/syntax-tree/unist-util-visit,SUCCESS,NPM/Yarn,True,GitHub Actions,639c0e5eb00178fc9285c247bd07da8bd3573259,2025-12-15T09:26:53Z
tapjs/tapjs,JavaScript,2408,https://github.com/tapjs/tapjs,FAILURE,NPM/Yarn,True,GitHub Actions,c930b376c474e3eebbe972d81bdbaaf818dd4779,2025-10-01T20:23:19Z
TarekRaafat/autoComplete.js,JavaScript,4015,https://github.com/TarekRaafat/autoComplete.js,SUCCESS,NPM/Yarn,True,GitHub Actions,28d7bcd30919b246ce0c10b73765d8ef03ec05e5,2025-07-10T02:51:00Z
elasticsearch-dump/elasticsearch-dump,JavaScript,7891,https://github.com/elasticsearch-dump/elasticsearch-dump,SUCCESS,NPM/Yarn,True,GitHub Actions,8aa4caa140749b76df230340b594cf321668507c,2025-01-12T00:49:08Z
tediousjs/node-mssql,JavaScript,2267,https://github.com/tediousjs/node-mssql,FAILURE,NPM/Yarn,True,GitHub Actions,44ac1488083ebceda46f50c7a8e65d47779b3017,2025-01-27T21:15:33Z
telerik/kendo-ui-core,JavaScript,2578,https://github.com/telerik/kendo-ui-core,SUCCESS,NPM/Yarn,True,GitHub Actions,43d75803419c655e29b4ca39dfdfd11b57e468b8,2024-12-25T04:19:47Z
terkelg/prompts,JavaScript,9243,https://github.com/terkelg/prompts,SUCCESS,NPM/Yarn,True,GitHub Actions,51cdcfa7b82e024d9679cc151b50c3ad952e0963,2025-04-06T22:39:06Z
terser/terser,JavaScript,9234,https://github.com/terser/terser,SUCCESS,NPM/Yarn,True,GitHub Actions,ce4a5827edc02567425ea698ab555f248fe8bb42,2024-12-28T13:54:17Z
testem/testem,JavaScript,2923,https://github.com/testem/testem,SUCCESS,NPM/Yarn,True,GitHub Actions,47e2e6ca8cb8a3d2691e4ddde18dfdca342a8a4e,2025-10-08T14:26:01Z
testing-library/dom-testing-library,JavaScript,3323,https://github.com/testing-library/dom-testing-library,SUCCESS,NPM/Yarn,True,GitHub Actions,225a3e4cfaa8f8046989d51b9051df507354b644,2025-07-27T13:21:03Z
testing-library/react-testing-library,JavaScript,19530,https://github.com/testing-library/react-testing-library,SUCCESS,NPM/Yarn,True,GitHub Actions,eab6e679a30eb87c1019717bb1fe1b57e5207c39,2025-01-15T23:11:07Z
TheAlgorithms/JavaScript,JavaScript,34047,https://github.com/TheAlgorithms/JavaScript,SUCCESS,NPM/Yarn,True,GitHub Actions,a62a46e732798622b520769c9c1131a052721ca2,2025-01-12T10:27:54Z
thedevs-network/kutt,JavaScript,10564,https://github.com/thedevs-network/kutt,SUCCESS,NPM/Yarn,True,GitHub Actions,eb85efd3fe679a7d31f0e34580a598ee7cb3e4c1,2025-01-09T08:08:53Z
thednp/kute.js,JavaScript,2641,https://github.com/thednp/kute.js,SUCCESS,NPM/Yarn,True,GitHub Actions,240ace5735484db11ea6bb606204646bdabbe58d,2026-01-27T11:50:35Z
thejoshwolfe/yauzl,JavaScript,796,https://github.com/thejoshwolfe/yauzl,SUCCESS,NPM/Yarn,True,GitHub Actions,de292f220268473eb20aef64b0a77faa9d004d9a,2025-03-10T21:32:10Z
TheOdinProject/curriculum,JavaScript,12124,https://github.com/TheOdinProject/curriculum,NO_CI,NPM/Yarn,True,GitHub Actions,463145e15e2b9e7aa427bc767b365136ef3a2835,2026-02-02T01:31:07Z
theturtle32/WebSocket-Node,JavaScript,3790,https://github.com/theturtle32/WebSocket-Node,SUCCESS,NPM/Yarn,True,GitHub Actions,d87afb7ef28f9c2249aa764805af87846d46f522,2024-05-12T09:15:16Z
thlorenz/convert-source-map,JavaScript,171,https://github.com/thlorenz/convert-source-map,SUCCESS,NPM/Yarn,True,GitHub Actions,106db79c986c25b0efc836661f9fff9eedbd505c,2025-03-27T02:59:53Z
thlorenz/doctoc,JavaScript,4414,https://github.com/thlorenz/doctoc,SUCCESS,NPM/Yarn,True,GitHub Actions,62d5e976cb69f35f79bfd7590a601c842fd017ba,2025-09-19T17:48:04Z
thlorenz/proxyquire,JavaScript,2746,https://github.com/thlorenz/proxyquire,SUCCESS,NPM/Yarn,True,GitHub Actions,1fdecad7bf9ace1d7407b72e03146a095d10a6b5,2025-08-13T00:40:24Z
thomaspark/bootswatch,JavaScript,14768,https://github.com/thomaspark/bootswatch,SUCCESS,NPM/Yarn,True,GitHub Actions,643957e9c434e4ffe60e2f36ab0c5fc5955fa8a6,2024-12-27T01:24:54Z
thoughtbot/administrate,JavaScript,6017,https://github.com/thoughtbot/administrate,SUCCESS,NPM/Yarn,True,GitHub Actions,be806f7b9b9b92530ae676ca41825ca717724cc9,2025-01-09T21:05:54Z
thysultan/stylis,JavaScript,1764,https://github.com/thysultan/stylis,SUCCESS,NPM/Yarn,True,GitHub Actions,2acb35b56bd02d9f885c357797dbf0d9b091b3df,2025-01-13T05:55:13Z
tj/commander.js,JavaScript,27931,https://github.com/tj/commander.js,SUCCESS,NPM/Yarn,True,GitHub Actions,49423a288b6561190461bf91231a18085e60dad4,2024-12-27T01:51:31Z
tleunen/babel-plugin-module-resolver,JavaScript,3477,https://github.com/tleunen/babel-plugin-module-resolver,NO_CI,NPM/Yarn,True,GitHub Actions,6131552944efd468e119d87b0de41e09d2cac37a,2026-02-20T12:56:00Z
toji/gl-matrix,JavaScript,5651,https://github.com/toji/gl-matrix,SUCCESS,NPM/Yarn,True,GitHub Actions,72ed4b8c0d020107f8b6c8d6ef08495bd2f54251,2025-01-02T17:39:18Z
toorshia/justgage,JavaScript,1889,https://github.com/toorshia/justgage,SUCCESS,NPM/Yarn,True,GitHub Actions,8267d938db190b13d727c5a12bf5aa8fb28423a2,2025-02-03T13:44:17Z
trekhleb/javascript-algorithms,JavaScript,195543,https://github.com/trekhleb/javascript-algorithms,SUCCESS,NPM/Yarn,True,GitHub Actions,ae869ef3faf4f7547e6b047a1d48f45927dd76a4,2025-02-12T15:58:55Z
TryGhost/Ghost,JavaScript,51793,https://github.com/TryGhost/Ghost,PENDING,NPM/Yarn,True,GitHub Actions,6af63328e78f6a381c1cc18bcd094e53362cde40,2025-05-28T09:10:40Z
tschaub/gh-pages,JavaScript,3340,https://github.com/tschaub/gh-pages,SUCCESS,NPM/Yarn,True,GitHub Actions,1208c2e5e96951c36050af2ee8e4376bd42dae92,2024-12-30T19:58:39Z
twigjs/twig.js,JavaScript,1917,https://github.com/twigjs/twig.js,FAILURE,NPM/Yarn,True,GitHub Actions,fa3f43165fe82a87d800fac46a8fde2f3e287ddc,2025-05-17T13:54:42Z
typescript-cheatsheets/react,JavaScript,46943,https://github.com/typescript-cheatsheets/react,SUCCESS,NPM/Yarn,True,GitHub Actions,05c2c6b290d2c3319439458128dd604d09d3a292,2024-11-19T13:36:21Z
typicode/husky,JavaScript,34749,https://github.com/typicode/husky,SUCCESS,NPM/Yarn,True,GitHub Actions,ec10d87dbb7e2fe83115b83fc72566f0e64dff2c,2025-10-10T23:30:42Z
typicode/json-server,JavaScript,75633,https://github.com/typicode/json-server,SUCCESS,NPM/Yarn,True,GitHub Actions,6d38bc118c53d02dd9ece9d70afdd53800dc6776,2025-03-31T11:11:50Z
typicode/lowdb,JavaScript,22466,https://github.com/typicode/lowdb,SUCCESS,NPM/Yarn,True,GitHub Actions,966a3fde68b8c0fc4f4b9208fce56716a2facbf7,2025-07-24T12:49:33Z
unifiedjs/unified,JavaScript,4932,https://github.com/unifiedjs/unified,SUCCESS,NPM/Yarn,True,GitHub Actions,45d8fa503157d20a656b3fa00e4b010dc0e50748,2025-02-04T14:22:55Z
Unitech/pm2,JavaScript,42926,https://github.com/Unitech/pm2,SUCCESS,NPM/Yarn,True,GitHub Actions,6940db7c37360891e68e226915b1275075b8e3df,2024-09-24T11:11:21Z
up-for-grabs/up-for-grabs.net,JavaScript,5897,https://github.com/up-for-grabs/up-for-grabs.net,SUCCESS,NPM/Yarn,True,GitHub Actions,ce1aa8a87cb3f904cb2c06e6c1a0d9a1ad128491,2024-12-25T13:16:00Z
uxsolutions/bootstrap-datepicker,JavaScript,12669,https://github.com/uxsolutions/bootstrap-datepicker,SUCCESS,NPM/Yarn,True,GitHub Actions,722dc29432e89e048e5677b51fb4cfd8bbdab13c,2023-05-13T19:28:23Z
validator/grunt-html,JavaScript,187,https://github.com/validator/grunt-html,SUCCESS,NPM/Yarn,True,GitHub Actions,d0f2ab1d915780e5c313c3d5824292bff9a81cb2,2025-06-23T05:28:10Z
validatorjs/validator.js,JavaScript,23749,https://github.com/validatorjs/validator.js,SUCCESS,NPM/Yarn,True,GitHub Actions,a1e84761802e050ed5d0e3d138e8f87cc1564860,2025-01-17T17:15:20Z
vega/vega,JavaScript,11798,https://github.com/vega/vega,SUCCESS,NPM/Yarn,True,GitHub Actions,0b652cd06d9d02172e0740f0ae4544f863f16aa6,2025-01-14T21:45:18Z
verlok/vanilla-lazyload,JavaScript,7868,https://github.com/verlok/vanilla-lazyload,SUCCESS,NPM/Yarn,True,GitHub Actions,a26e3bbf5e1daf051caaa3f277321799ad7d581b,2026-01-01T08:14:50Z
versatica/JsSIP,JavaScript,2568,https://github.com/versatica/JsSIP,FAILURE,NPM/Yarn,True,GitHub Actions,cdb7a53231ef5d6e6b32e3c8a64a3eca8ff3973f,2026-01-13T15:29:01Z
vfile/vfile-message,JavaScript,10,https://github.com/vfile/vfile-message,SUCCESS,NPM/Yarn,True,GitHub Actions,56ceddd13f2f17f6fc6ab7deb9120a350d22c4c4,2025-07-26T14:43:45Z
vfile/vfile,JavaScript,525,https://github.com/vfile/vfile,SUCCESS,NPM/Yarn,True,GitHub Actions,5e83917c832881569c52f1118c7beea3f12ac12f,2025-02-04T14:58:26Z
videojs/video.js,JavaScript,39490,https://github.com/videojs/video.js,SUCCESS,NPM/Yarn,True,GitHub Actions,f8e9bfcd982a8a05ea59e2ecc4cca22f0c021a79,2025-01-15T08:43:48Z
Vincit/objection.js,JavaScript,7354,https://github.com/Vincit/objection.js,SUCCESS,NPM/Yarn,True,GitHub Actions,4485ea3f66611cb871b1aadad41e8fb6a06c0e9d,2025-05-04T11:08:01Z
forwardemail/superagent,JavaScript,16658,https://github.com/forwardemail/superagent,FAILURE,NPM/Yarn,True,GitHub Actions,e29fd25611da8d86dd13bbfb0e2598a440ae6929,2025-03-10T17:21:02Z
forwardemail/supertest,JavaScript,14306,https://github.com/forwardemail/supertest,SUCCESS,NPM/Yarn,True,GitHub Actions,96c06e3dcb88c4a7c4cb02b046694af6e1d78654,2025-03-19T09:51:43Z
vitaly-t/pg-promise,JavaScript,3550,https://github.com/vitaly-t/pg-promise,SUCCESS,NPM/Yarn,True,GitHub Actions,4f4c66734473b158db77c533bbab80c5e549c2b0,2025-03-09T22:32:22Z
mongoosejs/kareem,JavaScript,85,https://github.com/mongoosejs/kareem,SUCCESS,NPM/Yarn,True,GitHub Actions,bfb903df63b9593cdae5722dd938bde9b39a8741,2025-03-19T21:01:11Z
vpulim/node-soap,JavaScript,3038,https://github.com/vpulim/node-soap,NO_CI,NPM/Yarn,True,GitHub Actions,aa19487d8929b6a9d8fd256459d3944577e7caaf,2025-07-16T07:36:09Z
vuejs/eslint-plugin-vue,JavaScript,4600,https://github.com/vuejs/eslint-plugin-vue,FAILURE,NPM/Yarn,True,GitHub Actions,a6587498e21e5bc33f22e93d46fbc2d5e66585f3,2024-12-31T11:11:35Z
vuejs/vue-router,JavaScript,18950,https://github.com/vuejs/vue-router,SUCCESS,NPM/Yarn,True,GitHub Actions,4e8213582d012c0523ebd56fe981b1952d05913d,2025-11-28T15:04:37Z
vuelidate/vuelidate,JavaScript,6903,https://github.com/vuelidate/vuelidate,SUCCESS,NPM/Yarn,True,GitHub Actions,1c7bac7121060dd95ea3e1484fc2031634f667d8,2025-06-10T10:49:50Z
watson/ci-info,JavaScript,362,https://github.com/watson/ci-info,SUCCESS,NPM/Yarn,True,GitHub Actions,75c9de8e9376afcd052db96e0e8c940bf28db419,2025-01-13T08:51:55Z
WebGoat/WebGoat,JavaScript,8913,https://github.com/WebGoat/WebGoat,SUCCESS,Unknown,False,GitHub Actions,02f43c54d03d7bba5c96d97dc441ca7bc60ba249,2024-12-25T10:00:53Z
webpack/compression-webpack-plugin,JavaScript,1426,https://github.com/webpack/compression-webpack-plugin,SUCCESS,NPM/Yarn,True,GitHub Actions,dac321798f65b5ec10d69ea1912383cd1027fa8f,2025-01-21T17:31:29Z
webpack/copy-webpack-plugin,JavaScript,2853,https://github.com/webpack/copy-webpack-plugin,SUCCESS,NPM/Yarn,True,GitHub Actions,49df2307e0f768f6d0b202c0fd70463f5904267e,2025-01-21T17:31:14Z
webpack/css-loader,JavaScript,4332,https://github.com/webpack/css-loader,SUCCESS,NPM/Yarn,True,GitHub Actions,38c2f673718d039b8e20d007bb18aca7ddb282dd,2025-01-21T17:29:45Z
webpack/exports-loader,JavaScript,215,https://github.com/webpack/exports-loader,SUCCESS,NPM/Yarn,True,GitHub Actions,4cbb8bf5f1db6e0088dbb55d25b87c010c1f2eaa,2025-01-21T17:28:45Z
webpack/html-loader,JavaScript,1166,https://github.com/webpack/html-loader,SUCCESS,NPM/Yarn,True,GitHub Actions,25cd33ee491d7c13e0f280a95603c65ce3586119,2025-01-21T17:28:33Z
webpack/imports-loader,JavaScript,518,https://github.com/webpack/imports-loader,SUCCESS,NPM/Yarn,True,GitHub Actions,e517579890abffe9f553e187bc690a2fc9401b6d,2025-01-21T17:27:59Z
webpack/less-loader,JavaScript,960,https://github.com/webpack/less-loader,SUCCESS,NPM/Yarn,True,GitHub Actions,200d836b1cf2a8f122b4fcda7f1adde67fa42f03,2025-01-21T17:23:55Z
webpack/mini-css-extract-plugin,JavaScript,4667,https://github.com/webpack/mini-css-extract-plugin,SUCCESS,NPM/Yarn,True,GitHub Actions,e07dd4195a8762bdf41b7525530f90a6826fe5a9,2025-08-04T16:37:14Z
webpack/sass-loader,JavaScript,3902,https://github.com/webpack/sass-loader,SUCCESS,NPM/Yarn,True,GitHub Actions,115b9a09360f49725e25acf6ba8e65f7a624cac7,2025-01-21T17:26:29Z
webpack/style-loader,JavaScript,1670,https://github.com/webpack/style-loader,SUCCESS,NPM/Yarn,True,GitHub Actions,fcdcec235bde7b35ff931d69855d70ae21194939,2025-05-18T01:01:21Z
webpack/terser-webpack-plugin,JavaScript,1972,https://github.com/webpack/terser-webpack-plugin,SUCCESS,NPM/Yarn,True,GitHub Actions,15ddaabe1401d54a52447a9b6453f958ccf3b87e,2025-02-26T11:44:51Z
webpack/thread-loader,JavaScript,1133,https://github.com/webpack/thread-loader,SUCCESS,NPM/Yarn,True,GitHub Actions,608b54afb4a8ffdfe8fa277b4c12ba9edaed30f4,2024-12-25T16:34:28Z
webpack/webpack-bundle-analyzer,JavaScript,12686,https://github.com/webpack/webpack-bundle-analyzer,SUCCESS,NPM/Yarn,True,GitHub Actions,3a75999ee33111b62cb76f994aeeab5e868a1ee5,2025-02-20T19:07:19Z
webpack/enhanced-resolve,JavaScript,977,https://github.com/webpack/enhanced-resolve,SUCCESS,NPM/Yarn,True,GitHub Actions,2011948a87a57b1ecbeed2a7e5c43c9d224cba86,2025-01-24T00:15:36Z
webpack/loader-runner,JavaScript,309,https://github.com/webpack/loader-runner,SUCCESS,NPM/Yarn,True,GitHub Actions,7a2b3c309bb9048abfef8496c955dc6af0e20f1a,2025-08-20T14:43:42Z
webpack/schema-utils,JavaScript,251,https://github.com/webpack/schema-utils,SUCCESS,NPM/Yarn,True,GitHub Actions,3364808db762a3803c55f0f00429eab90d9769de,2025-01-24T01:38:46Z
webpack/tapable,JavaScript,3850,https://github.com/webpack/tapable,SUCCESS,NPM/Yarn,True,GitHub Actions,d1a022567849b9c1759c2f4c313288428adf1760,2025-05-19T17:51:30Z
webpack/watchpack,JavaScript,395,https://github.com/webpack/watchpack,SUCCESS,NPM/Yarn,True,GitHub Actions,919c6668389de9eb647a0d40cd8def92c4004b13,2025-05-16T17:24:28Z
webpack/webpack-cli,JavaScript,2608,https://github.com/webpack/webpack-cli,SUCCESS,NPM/Yarn,True,GitHub Actions,ad6e380b1210798183835ccfbb036eb789aa1476,2024-12-25T15:27:07Z
webpack/webpack-dev-middleware,JavaScript,2523,https://github.com/webpack/webpack-dev-middleware,SUCCESS,NPM/Yarn,True,GitHub Actions,fd758d24899b5848159ae39e6a3a84189c407eba,2025-01-24T01:36:26Z
webpack/webpack-dev-server,JavaScript,7853,https://github.com/webpack/webpack-dev-server,FAILURE,NPM/Yarn,True,GitHub Actions,5a39c7099ab2908251ff759f311e1d4e85b4b3e8,2025-01-24T01:38:57Z
webpack/webpack-sources,JavaScript,271,https://github.com/webpack/webpack-sources,SUCCESS,NPM/Yarn,True,GitHub Actions,929d5c2f5617d4215e152c502b671a169395cf64,2025-05-19T17:41:58Z
webpack/webpack,JavaScript,65947,https://github.com/webpack/webpack,FAILURE,NPM/Yarn,True,GitHub Actions,87310da049cc2361ece0273daef7e5e46dc6d3f5,2024-12-27T06:44:06Z
WebReflection/flatted,JavaScript,1109,https://github.com/WebReflection/flatted,SUCCESS,NPM/Yarn,True,GitHub Actions,888baa03952c37b9b517c7baf25b1e0bcad5f5ec,2025-02-18T08:54:38Z
webrtc/samples,JavaScript,14572,https://github.com/webrtc/samples,SUCCESS,NPM/Yarn,True,GitHub Actions,c23f9617a069ba7b65ad065f9a628d9371ece787,2024-12-18T09:14:11Z
webrtcHacks/adapter,JavaScript,3739,https://github.com/webrtcHacks/adapter,NO_CI,NPM/Yarn,True,GitHub Actions,b6095e06e01decc6318902caba5fef36e9e8b3d6,2025-04-10T02:01:27Z
websockets/ws,JavaScript,22655,https://github.com/websockets/ws,SUCCESS,NPM/Yarn,True,GitHub Actions,c798dd4ee20efb2d7591b5659839ad05cdb3eb70,2025-01-01T19:13:35Z
webtorrent/instant.io,JavaScript,3581,https://github.com/webtorrent/instant.io,SUCCESS,NPM/Yarn,True,GitHub Actions,bc0ce6aa19eaa5d791883c59d773e87bdbb2f719,2025-09-04T20:46:21Z
webtorrent/webtorrent-desktop,JavaScript,10027,https://github.com/webtorrent/webtorrent-desktop,SUCCESS,NPM/Yarn,True,GitHub Actions,b1d17784791928b5f4456b52c6fbfe0eaad3cf2d,2025-01-15T14:14:09Z
webtorrent/webtorrent,JavaScript,30761,https://github.com/webtorrent/webtorrent,FAILURE,NPM/Yarn,True,GitHub Actions,6809b4e01eb256a709d99cb9806a88d456cd2a64,2024-12-28T13:43:09Z
wechat-miniprogram/miniprogram-demo,JavaScript,7114,https://github.com/wechat-miniprogram/miniprogram-demo,NO_CI,NPM/Yarn,True,GitHub Actions,60579d1a44899bd1af9557199b5f5e48d10155f9,2025-07-14T03:02:06Z
wekan/wekan,JavaScript,20830,https://github.com/wekan/wekan,SUCCESS,NPM/Yarn,True,GitHub Actions,93868fd9051d62452be4e5f853356cb85e03a347,2024-12-25T04:47:51Z
welldone-software/why-did-you-render,JavaScript,12407,https://github.com/welldone-software/why-did-you-render,FAILURE,NPM/Yarn,True,GitHub Actions,cad504ae51ca3fc93a9ea23f202d3973a62200b1,2025-01-18T16:42:52Z
wesbos/awesome-uses,JavaScript,5192,https://github.com/wesbos/awesome-uses,NO_CI,NPM/Yarn,True,GitHub Actions,751da673aea0f59ad27c9cf16ddf3eaacf534a72,2024-12-31T02:10:50Z
whitequark/ipaddr.js,JavaScript,627,https://github.com/whitequark/ipaddr.js,SUCCESS,NPM/Yarn,True,GitHub Actions,08c2cd41e2cb3400683cbd503f60421bfdf66921,2025-02-02T19:50:53Z
winstonjs/winston,JavaScript,24358,https://github.com/winstonjs/winston,FAILURE,NPM/Yarn,True,GitHub Actions,dc88db082c8430d7e1c3a92f2cad95efb35ea4fd,2025-05-25T19:47:13Z
wix/Detox,JavaScript,11802,https://github.com/wix/Detox,FAILURE,NPM/Yarn,True,GitHub Actions,01aa325b8776dc0c8293e56ec0abc8654dc2dd2b,2024-12-25T08:27:18Z
wooorm/parse-entities,JavaScript,53,https://github.com/wooorm/parse-entities,SUCCESS,NPM/Yarn,True,GitHub Actions,07f0abede6017ebd822da8370b504219afd8a933,2026-01-22T19:24:09Z
wooorm/property-information,JavaScript,44,https://github.com/wooorm/property-information,SUCCESS,NPM/Yarn,True,GitHub Actions,dce657f4fd48ab796f22fde83b453ffe0d08de78,2025-02-17T15:59:04Z
WordPress/gutenberg,JavaScript,11561,https://github.com/WordPress/gutenberg,PENDING,NPM/Yarn,True,GitHub Actions,2a6534ee2cb9fccdc0bcde5676a165bf14201b46,2025-04-11T13:38:30Z
workshopper/javascripting,JavaScript,2902,https://github.com/workshopper/javascripting,SUCCESS,NPM/Yarn,True,GitHub Actions,6b054f61be0db0c0570503edf76cbe3c3db8d964,2025-08-14T15:44:29Z
eslint-community/eslint-plugin-promise,JavaScript,986,https://github.com/eslint-community/eslint-plugin-promise,FAILURE,NPM/Yarn,True,GitHub Actions,550524f2e07e392926b1e6330c7e21b5f91529ad,2024-12-17T05:56:49Z
xmppjs/xmpp.js,JavaScript,2258,https://github.com/xmppjs/xmpp.js,FAILURE,NPM/Yarn,True,GitHub Actions,5d751dd3d648f0920fdab9b624e11ac0439e30ca,2024-12-29T20:58:17Z
cryptpad/cryptpad,JavaScript,7328,https://github.com/cryptpad/cryptpad,NO_CI,NPM/Yarn,True,GitHub Actions,bf156afebc8a0e5bbca5a45e27a7589f2ccd1425,2025-09-29T13:03:37Z
yahoo/serialize-javascript,JavaScript,2917,https://github.com/yahoo/serialize-javascript,SUCCESS,NPM/Yarn,True,GitHub Actions,e7709f227235dd76517832513d110ed335fab8a0,2025-10-04T12:48:46Z
jsx-eslint/eslint-plugin-react,JavaScript,9256,https://github.com/jsx-eslint/eslint-plugin-react,SUCCESS,NPM/Yarn,True,GitHub Actions,5c816edc1d146767143ce894707bd7284aca400c,2024-12-24T05:49:15Z
yanyiwu/nodejieba,JavaScript,3216,https://github.com/yanyiwu/nodejieba,SUCCESS,NPM/Yarn,True,GitHub Actions,fe04fe61e34c3940b89b623495c1d34dc9837267,2025-01-17T15:48:25Z
yargs/cliui,JavaScript,384,https://github.com/yargs/cliui,SUCCESS,NPM/Yarn,True,GitHub Actions,5a521de7ea88f262236394c8d96775bcf50ff0a4,2025-03-16T14:41:23Z
yargs/yargs-parser,JavaScript,519,https://github.com/yargs/yargs-parser,SUCCESS,NPM/Yarn,True,GitHub Actions,6d692953ade099375c6c5e131367968b07ae8470,2025-05-26T20:06:10Z
yargs/yargs,JavaScript,11438,https://github.com/yargs/yargs,SUCCESS,NPM/Yarn,True,GitHub Actions,d90af45f18db093396b41196830b04e6930aa542,2025-04-09T15:44:41Z
sindresorhus/configstore,JavaScript,887,https://github.com/sindresorhus/configstore,SUCCESS,NPM/Yarn,True,GitHub Actions,a5ec0423d5a2b1dd48766e027c013f34e78ed4c5,2025-09-15T13:30:46Z
yeoman/environment,JavaScript,133,https://github.com/yeoman/environment,SUCCESS,NPM/Yarn,True,GitHub Actions,722aba5d39a60c8aa8a14250caf45183b69916a7,2025-01-24T14:47:19Z
sindresorhus/stringify-object,JavaScript,320,https://github.com/sindresorhus/stringify-object,SUCCESS,NPM/Yarn,True,GitHub Actions,dd7c193e7d343ae4b86019f9104d382b30541da8,2025-09-07T22:27:59Z
yeoman/yo,JavaScript,3946,https://github.com/yeoman/yo,SUCCESS,NPM/Yarn,True,GitHub Actions,d3ce22a47c705850589d790393fc346ad30cb206,2025-01-17T22:29:48Z
you-dont-need/You-Dont-Need-Lodash-Underscore,JavaScript,19172,https://github.com/you-dont-need/You-Dont-Need-Lodash-Underscore,SUCCESS,NPM/Yarn,True,GitHub Actions,617e5ef60cf68ac33435ad4a5d9a398dcc7fd645,2025-02-19T16:48:27Z
youzan/vant-weapp,JavaScript,18343,https://github.com/youzan/vant-weapp,SUCCESS,NPM/Yarn,True,GitHub Actions,93165d657c2de39b9330b8800407708e7f69c073,2025-04-06T07:29:04Z
vercel/ncc,JavaScript,9779,https://github.com/vercel/ncc,FAILURE,NPM/Yarn,True,GitHub Actions,3496356923294b6ddcbb945e6454a840acc011d6,2025-01-17T22:59:57Z
vercel/next.js,JavaScript,137586,https://github.com/vercel/next.js,SUCCESS,NPM/Yarn,True,GitHub Actions,261a5c3e1d41347e43973065cf3d072223e20e1c,2025-07-25T19:02:07Z
vercel/styled-jsx,JavaScript,7796,https://github.com/vercel/styled-jsx,SUCCESS,NPM/Yarn,True,GitHub Actions,63b14a034724bb8c000fc6ea08a6abac25631820,2024-12-27T15:53:59Z
zloirock/core-js,JavaScript,25421,https://github.com/zloirock/core-js,SUCCESS,NPM/Yarn,True,GitHub Actions,2b0fc5ed8a43a58be378b8a0f0afecbc90b41284,2024-12-27T21:33:51Z
zotero/zotero,JavaScript,13419,https://github.com/zotero/zotero,SUCCESS,NPM/Yarn,True,GitHub Actions,682722bc2955aad41239dce605a39ecfb0391898,2025-07-31T02:31:12Z
