repo,language,stars,path,ci_status,build_tool,is_buildable,primary_ci,first_buildable_sha,first_buildable_date
0xAX/linux-insides,Python,32163,https://github.com/0xAX/linux-insides,NO_CI,Unknown,False,GitHub Actions,3504d5315fff9586401590cc2513e23ad9a87b1b,2025-04-13T15:42:57Z
1adrianb/face-alignment,Python,7485,https://github.com/1adrianb/face-alignment,SUCCESS,Pip/Poetry,True,GitHub Actions,bacd0afb400a46ce4e94bf231624591495d932a2,2024-08-30T14:19:23Z
python-websockets/websockets,Python,5630,https://github.com/python-websockets/websockets,FAILURE,Pip/Poetry,True,GitHub Actions,197b3ec2c7acf3a3804a94c0c02ed8e27051b0f0,2025-01-03T21:50:31Z
ActivityWatch/activitywatch,Python,16667,https://github.com/ActivityWatch/activitywatch,FAILURE,Pip/Poetry,True,GitHub Actions,5f833cfac5d3e0e43aeb05bf75687b3123c0106f,2025-02-03T10:16:21Z
adamchainz/django-cors-headers,Python,5662,https://github.com/adamchainz/django-cors-headers,SUCCESS,Pip/Poetry,True,GitHub Actions,de836c8ab593488a1a7ae42fbb8bf16be4b2b8c9,2025-01-06T12:28:25Z
agronholm/apscheduler,Python,7304,https://github.com/agronholm/apscheduler,FAILURE,Pip/Poetry,True,GitHub Actions,74a5ba4d8b4851aa11bcd2ec5baf8f44912ff794,2025-01-09T11:50:37Z
ahupp/python-magic,Python,2880,https://github.com/ahupp/python-magic,SUCCESS,Setup.py,True,GitHub Actions,a3ed0862e67b50aaeafb7d14de9169b51efb3984,2025-02-19T20:21:29Z
aio-libs/aiohttp,Python,16256,https://github.com/aio-libs/aiohttp,SUCCESS,Pip/Poetry,True,GitHub Actions,e1391c7a3821abdb7737586fe975189eabd600dd,2024-11-19T03:06:36Z
AirtestProject/Airtest,Python,9143,https://github.com/AirtestProject/Airtest,NO_CI,Pip/Poetry,True,GitHub Actions,6623718bab59ec970ad580016384e3d02daa11f4,2025-05-27T11:24:25Z
ajenti/ajenti,Python,7878,https://github.com/ajenti/ajenti,SUCCESS,Unknown,False,GitHub Actions,3e27366e0b16fc7d979f5b28acc747bba4a3b9af,2024-12-30T11:44:08Z
alecthomas/voluptuous,Python,1849,https://github.com/alecthomas/voluptuous,FAILURE,Pip/Poetry,True,GitHub Actions,c5b63f80f156deeb4ef9646555eb41413edad7f5,2025-08-31T08:10:23Z
AlessandroZ/LaZagne,Python,10643,https://github.com/AlessandroZ/LaZagne,SUCCESS,Pip/Poetry,True,GitHub Actions,3b0f7a20567e85003b8c20ae6259676af80e5a2c,2025-02-11T17:47:07Z
vega/altair,Python,10252,https://github.com/vega/altair,FAILURE,Pip/Poetry,True,GitHub Actions,7c2d97ffe80749a7cd1b24703547e40f4918172d,2024-12-29T19:03:27Z
amanusk/s-tui,Python,4923,https://github.com/amanusk/s-tui,SUCCESS,Setup.py,True,GitHub Actions,de3e91a418f7e31e1ab1e6d3b0e885d4d8edbf71,2025-05-01T13:03:43Z
amoffat/sh,Python,7233,https://github.com/amoffat/sh,NO_CI,Pip/Poetry,True,GitHub Actions,3a9d8ce9fb88e4abbea5dbb7e84929e6f8968a63,2025-01-08T22:32:27Z
andialbrecht/sqlparse,Python,3992,https://github.com/andialbrecht/sqlparse,SUCCESS,Pip/Poetry,True,GitHub Actions,a801100e9843786a9139bebb97c951603637129c,2025-02-16T09:19:00Z
andkret/Cookbook,Python,14945,https://github.com/andkret/Cookbook,SUCCESS,Unknown,False,GitHub Actions,451fcf67c42b257be2bbfd8800aff6752fe87bce,2025-03-04T11:23:49Z
androguard/androguard,Python,5950,https://github.com/androguard/androguard,NO_CI,Pip/Poetry,True,GitHub Actions,ec84eb4a8f8739eea026e9755c9296ccc7af90fe,2025-02-13T15:06:23Z
redis/redis-py,Python,13470,https://github.com/redis/redis-py,FAILURE,Pip/Poetry,True,GitHub Actions,a694a79dda3801db509bf3645c5518a8fd35486e,2024-12-30T09:06:35Z
angr/angr,Python,8486,https://github.com/angr/angr,SUCCESS,Pip/Poetry,True,GitHub Actions,26173929ee07f44e8f2f79c5267f630b9c11d368,2024-12-11T18:15:47Z
anishathalye/dotbot,Python,7791,https://github.com/anishathalye/dotbot,SUCCESS,Pip/Poetry,True,GitHub Actions,256babe052d2c8059de23608baca21d34715058b,2024-12-26T05:10:05Z
anishathalye/git-remote-dropbox,Python,3126,https://github.com/anishathalye/git-remote-dropbox,SUCCESS,Pip/Poetry,True,GitHub Actions,ab5e97522914b7c84fc45f57e4286ec2c2377cc1,2024-03-15T10:22:32Z
anishathalye/neural-style,Python,5552,https://github.com/anishathalye/neural-style,SUCCESS,Pip/Poetry,True,GitHub Actions,e406d18f91b420cd8c580e879b04a1ffd9cb0055,2025-02-01T17:32:13Z
ansible/molecule,Python,4068,https://github.com/ansible/molecule,SUCCESS,Pip/Poetry,True,GitHub Actions,ae8c138469df64258c74097454109054b2fa9840,2024-12-22T05:14:26Z
ansible/ansible-lint,Python,3830,https://github.com/ansible/ansible-lint,FAILURE,Pip/Poetry,True,GitHub Actions,45f2f70faeca76aac5fe5ac691d11f5418a9aeda,2025-02-17T07:06:45Z
ansible/awx,Python,15249,https://github.com/ansible/awx,FAILURE,Pip/Poetry,True,GitHub Actions,612e8e768898d32d017ae989e04fb5e63a7b3f77,2025-10-09T08:28:55Z
apache/airflow,Python,44208,https://github.com/apache/airflow,SUCCESS,Pip/Poetry,True,GitHub Actions,dc9ad8c53ceabfea24b5bd8f11f18b1c14bb7a46,2025-09-26T20:59:15Z
apache/tvm,Python,13110,https://github.com/apache/tvm,PENDING,Pip/Poetry,True,GitHub Actions,567eeed38bdbcefb68e36328af6ab1501a81d51e,2024-12-15T14:56:01Z
apache/libcloud,Python,2109,https://github.com/apache/libcloud,SUCCESS,Pip/Poetry,True,GitHub Actions,891fd290201823d3bbc6da80854284dd0d6f7130,2025-03-02T13:31:04Z
astropy/astropy,Python,5040,https://github.com/astropy/astropy,FAILURE,Pip/Poetry,True,GitHub Actions,dccdda353bf7e125005277414404c81c1dfdc0d4,2024-11-07T21:22:33Z
AtsushiSakai/PythonRobotics,Python,28607,https://github.com/AtsushiSakai/PythonRobotics,SUCCESS,Unknown,False,GitHub Actions,7d33f5f7140513d14bad016f48d132a08bc5c8a3,2024-12-30T22:04:57Z
audreyfeldroy/cookiecutter-pypackage,Python,4510,https://github.com/audreyfeldroy/cookiecutter-pypackage,SUCCESS,Pip/Poetry,True,GitHub Actions,e5c82a5c9e367541403836ab1f47d9230ad90fc3,2025-07-18T12:50:23Z
autorope/donkeycar,Python,3366,https://github.com/autorope/donkeycar,FAILURE,Pip/Poetry,True,GitHub Actions,5483490aa3ef0fc8521447dd49a4de9f890830ec,2024-09-15T20:34:59Z
aws/aws-cli,Python,16724,https://github.com/aws/aws-cli,SUCCESS,Pip/Poetry,True,GitHub Actions,42b25f06977e12918881baa1af41c9b936a9796d,2024-12-26T19:14:12Z
aws/chalice,Python,11064,https://github.com/aws/chalice,SUCCESS,Setup.py,True,GitHub Actions,3b26333053a51c6decd402b6d62e2532d0b2560b,2025-01-31T21:10:10Z
autogluon/autogluon,Python,9877,https://github.com/autogluon/autogluon,FAILURE,Pip/Poetry,True,GitHub Actions,c1181326cf6b7e3b27a7420273f1a82808d939e2,2025-01-07T01:45:58Z
aws-cloudformation/aws-cloudformation-templates,Python,5109,https://github.com/aws-cloudformation/aws-cloudformation-templates,SUCCESS,Unknown,False,GitHub Actions,ff279b641bbfc0809134b332947bf2b0b16e110c,2025-08-18T16:08:56Z
aws/aws-sam-cli,Python,6691,https://github.com/aws/aws-sam-cli,FAILURE,Pip/Poetry,True,GitHub Actions,9805294fa6698ad78d829dcc4a9dbc4036436387,2025-01-06T18:14:50Z
aws/serverless-application-model,Python,9550,https://github.com/aws/serverless-application-model,SUCCESS,Pip/Poetry,True,GitHub Actions,a8c0a70ec5445c2eec8270be69657308f6db43a2,2025-01-09T23:54:53Z
Azure/azure-cli,Python,4429,https://github.com/Azure/azure-cli,FAILURE,Pip/Poetry,True,GitHub Actions,fb83fc8497f9647bee074d7fd76ae4a7fb7fdaf0,2024-12-31T06:47:01Z
home-assistant-libs/pychromecast,Python,2654,https://github.com/home-assistant-libs/pychromecast,SUCCESS,Pip/Poetry,True,GitHub Actions,fc71ee0afa65c2d77cd65f018b27276312f47719,2024-12-30T10:30:59Z
beetbox/beets,Python,14703,https://github.com/beetbox/beets,SUCCESS,Pip/Poetry,True,GitHub Actions,2277e2a0d95d9a01c7ba823f1226c4f04395fcc0,2024-12-26T18:45:21Z
beeware/toga,Python,5298,https://github.com/beeware/toga,SUCCESS,Pip/Poetry,True,GitHub Actions,5149c6f6c8c646633eeb878f2758eb9d2cb9414f,2025-12-22T04:47:40Z
behave/behave,Python,3434,https://github.com/behave/behave,SUCCESS,Pip/Poetry,True,GitHub Actions,69cda59cbd59dc8b9e00fc21ce5a840dd937eb2f,2025-04-25T19:04:48Z
benjaminp/six,Python,1018,https://github.com/benjaminp/six,SUCCESS,Setup.py,True,GitHub Actions,d8351607332245eeaa16e72e143cdb7a349a2a05,2025-09-14T15:48:01Z
benoitc/gunicorn,Python,10427,https://github.com/benoitc/gunicorn,SUCCESS,Pip/Poetry,True,GitHub Actions,02e5f64c76db6d33ffb22448a7f35d7aececf51d,2025-03-11T11:16:17Z
biolab/orange3,Python,5541,https://github.com/biolab/orange3,SUCCESS,Pip/Poetry,True,GitHub Actions,27a6c619bc083fc69ae1e49ac5ac5b5506518539,2024-10-15T08:40:53Z
biopython/biopython,Python,4895,https://github.com/biopython/biopython,FAILURE,Setup.py,True,GitHub Actions,180d8a6e69fbbdc7e3db52122a18a7e3a306b1e6,2025-03-22T05:59:36Z
bndr/pipreqs,Python,7419,https://github.com/bndr/pipreqs,FAILURE,Pip/Poetry,True,GitHub Actions,2ef6a981d54276a68b7288fec9801df29a667a7f,2025-04-08T08:56:33Z
Bogdanp/dramatiq,Python,5128,https://github.com/Bogdanp/dramatiq,SUCCESS,Pip/Poetry,True,GitHub Actions,a978028742f1159391799716be411ffc34688eba,2025-01-25T06:55:51Z
borgbackup/borg,Python,12951,https://github.com/borgbackup/borg,PENDING,Pip/Poetry,True,GitHub Actions,ec3c7b5770c24a66a98cc26528a3728c255844f8,2024-12-27T22:10:43Z
boto/boto3,Python,9682,https://github.com/boto/boto3,SUCCESS,Pip/Poetry,True,GitHub Actions,bdae5ec2551a4bf26a708568d4b41db1deedba9b,2024-12-26T19:14:09Z
bottlepy/bottle,Python,8747,https://github.com/bottlepy/bottle,SUCCESS,Pip/Poetry,True,GitHub Actions,c65347fb43846976f7bc827eec90fe307212ec05,2025-02-15T09:59:11Z
brack3t/django-braces,Python,2009,https://github.com/brack3t/django-braces,SUCCESS,Pip/Poetry,True,GitHub Actions,befd07bef378404fad8d8ac4b4ba6b40e94a0180,2025-03-07T23:19:19Z
budtmo/docker-android,Python,14255,https://github.com/budtmo/docker-android,SUCCESS,Unknown,False,GitHub Actions,f33fc1906cdf5ef93b28dab6247faf5e19cb0a99,2025-01-11T16:27:32Z
buildbot/buildbot,Python,5431,https://github.com/buildbot/buildbot,FAILURE,Pip/Poetry,True,GitHub Actions,9a5b5527a20b487e27f58d9e85fe77b6de698809,2025-01-04T18:49:38Z
buriy/python-readability,Python,2886,https://github.com/buriy/python-readability,FAILURE,Pip/Poetry,True,GitHub Actions,956bfbbe46597cdb678ab54e5b1dfada0e26da13,2025-01-12T20:02:49Z
burnash/gspread,Python,7446,https://github.com/burnash/gspread,FAILURE,Pip/Poetry,True,GitHub Actions,7dfd7ab0cfe8eb2fed66eab9a6d38dd48141e0a2,2025-02-12T16:02:14Z
carltongibson/django-filter,Python,4680,https://github.com/carltongibson/django-filter,SUCCESS,Pip/Poetry,True,GitHub Actions,2a644e176634ec0ce99d9446d980501e9763e194,2024-12-28T09:50:42Z
caronc/apprise,Python,15800,https://github.com/caronc/apprise,SUCCESS,Pip/Poetry,True,GitHub Actions,f89293647aa2895ccb01f4c296024c0172b16344,2024-12-31T17:36:39Z
CCOSTAN/Home-AssistantConfig,Python,5168,https://github.com/CCOSTAN/Home-AssistantConfig,NO_CI,Unknown,False,GitHub Actions,82b4ac40efda44f8a876915713f9084ee27692bd,2024-12-28T19:32:48Z
motioneye-project/motioneye,Python,4505,https://github.com/motioneye-project/motioneye,SUCCESS,Pip/Poetry,True,GitHub Actions,a8c5ac136e9eefd2cdf92867d75c1a1effbca9bf,2025-01-02T04:50:03Z
ccxt/ccxt,Python,40888,https://github.com/ccxt/ccxt,SUCCESS,Pip/Poetry,True,GitHub Actions,6839415095ea0d773b686037971dc71ce45c0f48,2025-10-01T10:02:36Z
cdhigh/KindleEar,Python,2836,https://github.com/cdhigh/KindleEar,SUCCESS,Pip/Poetry,True,GitHub Actions,68df0414515a190598bd1504d1610a87d24f3f39,2024-12-25T23:29:43Z
ivre/ivre,Python,3942,https://github.com/ivre/ivre,SUCCESS,Pip/Poetry,True,GitHub Actions,0716fb18b7de5a03bb7f60d55178dec4a97e3994,2025-01-12T17:29:56Z
cea-sec/miasm,Python,3820,https://github.com/cea-sec/miasm,SUCCESS,Pip/Poetry,True,GitHub Actions,d9fb6d58c71b388709058fe28b72205fd5ea0061,2025-01-26T12:17:14Z
celery/celery,Python,27992,https://github.com/celery/celery,SUCCESS,Pip/Poetry,True,GitHub Actions,fe761416f4d9269b780a13cc1131e2a16945937f,2025-01-14T11:19:35Z
celery/kombu,Python,3100,https://github.com/celery/kombu,SUCCESS,Pip/Poetry,True,GitHub Actions,2c3d4f3a43ae01fe4bc49d1a8312778b938ead21,2025-01-14T09:31:21Z
certbot/certbot,Python,32820,https://github.com/certbot/certbot,SUCCESS,Unknown,False,GitHub Actions,314838eb81a39b1249fff23bc5e694c3e78094d1,2024-12-19T19:37:09Z
certifi/python-certifi,Python,956,https://github.com/certifi/python-certifi,SUCCESS,Pip/Poetry,True,GitHub Actions,82284ed1f981c6a3ba4ef9de739cd32918e70a26,2024-12-30T23:15:37Z
chardet/chardet,Python,2321,https://github.com/chardet/chardet,SUCCESS,Pip/Poetry,True,GitHub Actions,8e8dfcd93c572c2cbe37585e01662a90b16fbab6,2025-01-13T22:33:21Z
chipsec/chipsec,Python,3182,https://github.com/chipsec/chipsec,SUCCESS,Setup.py,True,GitHub Actions,088a2ca69ce134bfb6a34870da6f3de390d00fdf,2025-03-12T03:45:54Z
chubin/wttr.in,Python,28746,https://github.com/chubin/wttr.in,SUCCESS,Pip/Poetry,True,GitHub Actions,c90d489c8321c7c0b3377dbb5626731b690c1af0,2025-08-05T18:27:02Z
ckan/ckan,Python,4951,https://github.com/ckan/ckan,FAILURE,Pip/Poetry,True,GitHub Actions,3e9ed284fbbbac31061a8faf32abcac9ebe2ea42,2024-12-18T19:00:53Z
cloud-custodian/cloud-custodian,Python,5925,https://github.com/cloud-custodian/cloud-custodian,SUCCESS,Pip/Poetry,True,GitHub Actions,02ee6d0596cd0157ee1e0dc3b6ba5711caf55d51,2025-01-06T01:16:27Z
cloudevents/spec,Python,5677,https://github.com/cloudevents/spec,SUCCESS,Unknown,False,GitHub Actions,fed55696ea3cb7ff34be3be433819d2865432464,2025-01-14T13:23:45Z
cloudflare/flan,Python,4147,https://github.com/cloudflare/flan,SUCCESS,Pip/Poetry,True,GitHub Actions,6588b07751f14180ba151842458b97510490fa58,2024-09-20T01:54:05Z
cloudtools/troposphere,Python,4953,https://github.com/cloudtools/troposphere,FAILURE,Pip/Poetry,True,GitHub Actions,dbb8ed003c3ddaa7e279ba823ec1f78e6060e13e,2025-01-14T23:36:59Z
cobbler/cobbler,Python,2742,https://github.com/cobbler/cobbler,FAILURE,Pip/Poetry,True,GitHub Actions,08596a730283053b3f5976595ad060a6e31d8e54,2024-07-22T20:45:51Z
coleifer/huey,Python,5922,https://github.com/coleifer/huey,SUCCESS,Pip/Poetry,True,GitHub Actions,5da909af52455ede879b42342891f7bfe4383a71,2024-12-29T15:52:44Z
coleifer/peewee,Python,11930,https://github.com/coleifer/peewee,SUCCESS,Pip/Poetry,True,GitHub Actions,60bcd81e861d90835a8d041f6d54ecc9a96df089,2025-02-05T16:26:27Z
commaai/openpilot,Python,60048,https://github.com/commaai/openpilot,SUCCESS,Pip/Poetry,True,GitHub Actions,9cf02ca8db5405d0464d5d9a6a81c9aee479c3e1,2024-12-27T04:22:44Z
commixproject/commix,Python,5620,https://github.com/commixproject/commix,SUCCESS,Setup.py,True,GitHub Actions,4231c6222b3d6f807506c1ac7ca019a4062fc820,2025-01-06T06:19:23Z
conan-io/conan,Python,9218,https://github.com/conan-io/conan,FAILURE,Pip/Poetry,True,GitHub Actions,47c3d6e235ffb50facc3d44a79c9fdb3caf2c641,2024-12-27T13:47:54Z
conda/conda,Python,7295,https://github.com/conda/conda,SUCCESS,Pip/Poetry,True,GitHub Actions,2d481c8345d332b72fccf31dae7070e9c123fd8f,2024-10-16T20:26:26Z
ContextLab/hypertools,Python,1882,https://github.com/ContextLab/hypertools,SUCCESS,Pip/Poetry,True,GitHub Actions,591bbd8f76675402e6bb8434eabc44add94c4363,2025-07-09T17:35:42Z
cookiecutter-flask/cookiecutter-flask,Python,4730,https://github.com/cookiecutter-flask/cookiecutter-flask,SUCCESS,Pip/Poetry,True,GitHub Actions,ed544c34d41889612480ae29a154a53bae62cfe1,2024-12-30T12:35:02Z
cookiecutter/cookiecutter,Python,24651,https://github.com/cookiecutter/cookiecutter,SUCCESS,Pip/Poetry,True,GitHub Actions,e1b60a6ecae65cf71c7058527b0e9556fc2a1a65,2025-05-09T01:18:28Z
CorentinJ/Real-Time-Voice-Cloning,Python,59330,https://github.com/CorentinJ/Real-Time-Voice-Cloning,SUCCESS,Pip/Poetry,True,GitHub Actions,8a4584ff049711989a0ebbef23aeabfc93d406eb,2025-09-23T07:21:53Z
cornellius-gp/gpytorch,Python,3828,https://github.com/cornellius-gp/gpytorch,SUCCESS,Pip/Poetry,True,GitHub Actions,1560c8d058723aee49e15795b7ceed431ec9c056,2024-12-06T05:19:05Z
cowrie/cowrie,Python,6161,https://github.com/cowrie/cowrie,FAILURE,Pip/Poetry,True,GitHub Actions,63eeed3f4e2ebc327f4ad43ac2c8e2a8f3ea7bab,2024-12-24T07:01:58Z
crossbario/autobahn-python,Python,2532,https://github.com/crossbario/autobahn-python,SUCCESS,Pip/Poetry,True,GitHub Actions,5fa3ba25ac782576504c99026fb3ad137edda842,2025-06-22T04:35:41Z
crossbario/crossbar,Python,2063,https://github.com/crossbario/crossbar,SUCCESS,Pip/Poetry,True,GitHub Actions,f722a226e75e57511f0eb3771a7bbfadf48f1fdb,2025-01-09T13:53:01Z
arrow-py/arrow,Python,9022,https://github.com/arrow-py/arrow,SUCCESS,Pip/Poetry,True,GitHub Actions,97695bfce6977fb117459600933768827ef23aaf,2025-08-07T04:49:53Z
ctf-wiki/ctf-wiki,Python,9198,https://github.com/ctf-wiki/ctf-wiki,SUCCESS,Pip/Poetry,True,GitHub Actions,1138e3a3302d205dd14519d7e61dbee7867c842a,2025-01-09T16:05:15Z
CTFd/CTFd,Python,6511,https://github.com/CTFd/CTFd,FAILURE,Pip/Poetry,True,GitHub Actions,3895558af0211560fdff4564732b49f1fb77aafb,2024-12-27T18:36:36Z
cuemacro/finmarketpy,Python,3699,https://github.com/cuemacro/finmarketpy,FAILURE,Pip/Poetry,True,GitHub Actions,5721e8c449b4aef7b4c935212e7f1683f71fed75,2025-03-07T17:11:47Z
cupy/cupy,Python,10774,https://github.com/cupy/cupy,FAILURE,Pip/Poetry,True,GitHub Actions,0fc06191609669206c0a0af000cbc54b82fe1ee8,2024-10-02T19:25:48Z
dask/dask,Python,13737,https://github.com/dask/dask,SUCCESS,Pip/Poetry,True,GitHub Actions,fe465e055293851a1920bd9a318c92d1953a8b65,2025-01-02T15:25:30Z
emissary-ingress/emissary,Python,4490,https://github.com/emissary-ingress/emissary,FAILURE,Pip/Poetry,True,GitHub Actions,672c554e1675743d2a17509cf4898f92917a9c28,2025-02-06T23:27:36Z
daviddrysdale/python-phonenumbers,Python,3708,https://github.com/daviddrysdale/python-phonenumbers,SUCCESS,Unknown,False,GitHub Actions,d7fe6c6f1e416797f439beb2ae2bb365360bf340,2025-01-16T07:49:40Z
davidhalter/jedi-vim,Python,5317,https://github.com/davidhalter/jedi-vim,SUCCESS,Unknown,False,GitHub Actions,9c2f9c63d3424972c13b63cd2ab30bf445ce379d,2024-12-27T22:12:06Z
davidhalter/jedi,Python,6111,https://github.com/davidhalter/jedi,SUCCESS,Pip/Poetry,True,GitHub Actions,0315e6ee8f273c25218e1a771928ce82f18a9330,2024-12-28T15:43:05Z
dbcli/mycli,Python,11869,https://github.com/dbcli/mycli,NO_CI,Pip/Poetry,True,GitHub Actions,bb18b0c2f2ed7375efe31d379e616a11c82b1299,2025-04-19T19:42:36Z
dbcli/pgcli,Python,13016,https://github.com/dbcli/pgcli,SUCCESS,Pip/Poetry,True,GitHub Actions,18013c5c5936c9cce4c49003f015e693168600ff,2025-03-05T01:31:45Z
dedupeio/dedupe,Python,4436,https://github.com/dedupeio/dedupe,FAILURE,Pip/Poetry,True,GitHub Actions,54ecfe77d41390da66899596834a2bde3712c966,2024-11-01T16:12:42Z
deepfakes/faceswap,Python,54962,https://github.com/deepfakes/faceswap,SUCCESS,Pip/Poetry,True,GitHub Actions,837bc2d51dc808110af9b2de0b936b28d41c4f6a,2025-12-21T02:45:11Z
google-deepmind/sonnet,Python,9904,https://github.com/google-deepmind/sonnet,FAILURE,Pip/Poetry,True,GitHub Actions,86260867e7a55371286e249a5a492dbcc37e3f55,2024-11-14T10:24:54Z
deezer/spleeter,Python,28030,https://github.com/deezer/spleeter,NO_CI,Pip/Poetry,True,GitHub Actions,0e66c71ee0053aaf38b59ad0c1e071474f3ab5c4,2025-01-24T10:31:30Z
Delgan/loguru,Python,23579,https://github.com/Delgan/loguru,SUCCESS,Pip/Poetry,True,GitHub Actions,dfe9607a233fc5d83375e836c8a9c07f7f682d4b,2024-12-31T15:44:32Z
diafygi/acme-tiny,Python,4773,https://github.com/diafygi/acme-tiny,SUCCESS,Pip/Poetry,True,GitHub Actions,f185b901bb8a95a38e61140349af965b98a7aeaf,2025-06-17T14:45:48Z
Diaoul/subliminal,Python,2588,https://github.com/Diaoul/subliminal,SUCCESS,Pip/Poetry,True,GitHub Actions,8222f4c4fda5b825620408cfcfc0ffa06b99466a,2025-01-07T22:36:55Z
django-cms/django-cms,Python,10629,https://github.com/django-cms/django-cms,FAILURE,Pip/Poetry,True,GitHub Actions,ec268c7b2d265b4a8d06a2a9027f41bbe54c27be,2025-01-07T06:49:24Z
django-compressor/django-compressor,Python,2873,https://github.com/django-compressor/django-compressor,SUCCESS,Pip/Poetry,True,GitHub Actions,108b45cff914427f092ffe35425b1802cbe01307,2025-02-14T15:43:49Z
django-crispy-forms/django-crispy-forms,Python,5146,https://github.com/django-crispy-forms/django-crispy-forms,SUCCESS,Pip/Poetry,True,GitHub Actions,bb7030a9a07f327bc725a62341ae0e14526f82e6,2025-02-19T06:31:16Z
django-extensions/django-extensions,Python,6792,https://github.com/django-extensions/django-extensions,SUCCESS,Pip/Poetry,True,GitHub Actions,cdf903706b5c1b2e150cdbe4e805897174927169,2025-04-04T13:49:56Z
django-guardian/django-guardian,Python,3873,https://github.com/django-guardian/django-guardian,SUCCESS,Pip/Poetry,True,GitHub Actions,4784cfa91516944dfa113f56399c1b4c59a780c5,2024-10-22T08:51:50Z
django-haystack/django-haystack,Python,3804,https://github.com/django-haystack/django-haystack,SUCCESS,Pip/Poetry,True,GitHub Actions,9a7e091df60c8c2f9b4b24763e7fcee8d9a26a5e,2025-03-03T22:26:35Z
django-import-export/django-import-export,Python,3294,https://github.com/django-import-export/django-import-export,SUCCESS,Pip/Poetry,True,GitHub Actions,fd435212a3691c7aa290458cf8109b02cd6cdfd2,2024-12-26T13:17:32Z
django-mptt/django-mptt,Python,2965,https://github.com/django-mptt/django-mptt,SUCCESS,Pip/Poetry,True,GitHub Actions,a9732da1d4b6a850b1ff268d638ef536c9e85157,2025-04-04T07:06:19Z
django-oscar/django-oscar,Python,6553,https://github.com/django-oscar/django-oscar,SUCCESS,Pip/Poetry,True,GitHub Actions,3eefa17ad27f5c17cc18c979573f9bf354ca8c18,2025-01-21T15:30:59Z
django-tastypie/django-tastypie,Python,3961,https://github.com/django-tastypie/django-tastypie,SUCCESS,Pip/Poetry,True,GitHub Actions,6905b6bc7c8f1ba9236a4dc74e501fc3a3482d63,2025-02-23T18:52:47Z
django/channels,Python,6335,https://github.com/django/channels,FAILURE,Pip/Poetry,True,GitHub Actions,b502c73ea4c167daf18ebf1e08193fa91782c53f,2025-01-23T19:12:25Z
django/django,Python,86720,https://github.com/django/django,SUCCESS,Pip/Poetry,True,GitHub Actions,733d3998e2b452ace5c4382a9f6efa698b576383,2024-12-27T02:29:04Z
doccano/doccano,Python,10535,https://github.com/doccano/doccano,SUCCESS,Unknown,False,GitHub Actions,6f4da27c2000da849ce7dbb2d08aa903eabf8fb7,2025-06-16T12:59:09Z
docker/docker-py,Python,7159,https://github.com/docker/docker-py,SUCCESS,Pip/Poetry,True,GitHub Actions,5a8a42466e3ffdc89c4a7b80018ee60ae77e32bc,2025-01-14T12:23:38Z
dpgaspar/Flask-AppBuilder,Python,4941,https://github.com/dpgaspar/Flask-AppBuilder,FAILURE,Setup.py,True,GitHub Actions,7e96e345a2a6aa520c70a5e17ee24a30452e8e52,2025-01-20T13:15:57Z
dpkp/kafka-python,Python,5888,https://github.com/dpkp/kafka-python,SUCCESS,Pip/Poetry,True,GitHub Actions,bfbee93bce2c4c99760740aa66baa86a55fe69e1,2025-02-06T06:27:03Z
drivendataorg/cookiecutter-data-science,Python,9665,https://github.com/drivendataorg/cookiecutter-data-science,SUCCESS,Pip/Poetry,True,GitHub Actions,9a754f5f4c5f2f34b285f5eccb9a6fbf75c4d61d,2025-02-26T16:44:42Z
zostera/django-bootstrap3,Python,2337,https://github.com/zostera/django-bootstrap3,NO_CI,Pip/Poetry,True,GitHub Actions,caa0d045a270ac1381f963a2821eaeec0eab18f8,2025-02-28T07:44:32Z
EbookFoundation/free-programming-books,Python,382409,https://github.com/EbookFoundation/free-programming-books,SUCCESS,Unknown,False,GitHub Actions,4a4035e5d6d5bacbd66e3418fde291d0a95d8cca,2025-01-03T18:26:44Z
edent/SuperTinyIcons,Python,15294,https://github.com/edent/SuperTinyIcons,SUCCESS,Pip/Poetry,True,GitHub Actions,d523cd1f233b0e7e760304db588997cf616aa17b,2025-01-01T20:41:22Z
geldata/gel,Python,14058,https://github.com/geldata/gel,FAILURE,Pip/Poetry,True,GitHub Actions,220830b2eb11433805f12486f8ad67645ca77706,2025-02-21T02:31:09Z
edx/edx-platform,Python,10,https://github.com/edx/edx-platform,FAILURE,Setup.py,True,GitHub Actions,0e64cec8f15af7cf80221621ca951a710dff2bb5,2025-10-09T13:23:36Z
elastic/curator,Python,3083,https://github.com/elastic/curator,SUCCESS,Pip/Poetry,True,GitHub Actions,fdc4c75d213802c30d6da388f2a4bb726d4f74f6,2025-02-26T20:29:49Z
elastic/elasticsearch-dsl-py,Python,3881,https://github.com/elastic/elasticsearch-dsl-py,SUCCESS,Setup.py,True,GitHub Actions,5d2bccde03a8a215c4aeb6a29d6292b532c2ca02,2025-01-07T12:42:43Z
elastic/elasticsearch-py,Python,4368,https://github.com/elastic/elasticsearch-py,SUCCESS,Pip/Poetry,True,GitHub Actions,cb389d9735dc7e6a217b9908bc8dde1e3b95cd46,2025-01-07T11:24:51Z
eliben/pycparser,Python,3473,https://github.com/eliben/pycparser,SUCCESS,Pip/Poetry,True,GitHub Actions,42b542324859a108f2cf35bcfe21fe5877ceb091,2025-01-10T14:01:36Z
ungoogled-software/ungoogled-chromium,Python,25714,https://github.com/ungoogled-software/ungoogled-chromium,SUCCESS,Unknown,False,GitHub Actions,ce13975ff36087d695f1479994ffcc7c14f253f3,2025-01-07T19:39:01Z
encode/django-rest-framework,Python,29868,https://github.com/encode/django-rest-framework,SUCCESS,Pip/Poetry,True,GitHub Actions,089f6a697445af20f52832db99f2ab94baea4ece,2024-12-28T10:22:21Z
encode/httpx,Python,14974,https://github.com/encode/httpx,SUCCESS,Pip/Poetry,True,GitHub Actions,10b7295922741b91a15751029e6ad3e8e5efb9f3,2025-01-17T10:56:46Z
Kludex/uvicorn,Python,10379,https://github.com/Kludex/uvicorn,FAILURE,Pip/Poetry,True,GitHub Actions,be25d3bb3a4e842361ac8508caca19d266375bdf,2025-01-01T11:55:27Z
EntilZha/PyFunctional,Python,2492,https://github.com/EntilZha/PyFunctional,SUCCESS,Pip/Poetry,True,GitHub Actions,07ff9cd5880c5168c1fc91327b42e2289f282907,2025-01-27T17:52:37Z
errbotio/errbot,Python,3268,https://github.com/errbotio/errbot,SUCCESS,Pip/Poetry,True,GitHub Actions,175258233cf848bc180a95f895e2c9c79efebe7d,2025-01-06T17:26:03Z
espnet/espnet,Python,9726,https://github.com/espnet/espnet,FAILURE,Pip/Poetry,True,GitHub Actions,e7cd48341f15a31e76ec2beb3b888b50d75312db,2024-12-25T22:32:16Z
espressif/esptool,Python,6225,https://github.com/espressif/esptool,SUCCESS,Pip/Poetry,True,GitHub Actions,92ceff27a5fe94df2c9c3c101da7982a90ce451e,2024-12-26T06:16:10Z
eternnoir/pyTelegramBotAPI,Python,8675,https://github.com/eternnoir/pyTelegramBotAPI,SUCCESS,Pip/Poetry,True,GitHub Actions,b0afe2d2f735173db0c361dca1f827f30213118d,2025-01-02T05:58:44Z
ethereum/EIPs,Python,13778,https://github.com/ethereum/EIPs,PENDING,Unknown,False,GitHub Actions,66f6e9be4471d677d2d32f0429a31387e5c00742,2024-12-25T14:18:32Z
etianen/django-reversion,Python,3154,https://github.com/etianen/django-reversion,SUCCESS,Setup.py,True,GitHub Actions,6b7f579057a35f0c401523d189c60e0aaedfc1cd,2025-09-20T08:40:05Z
evansd/whitenoise,Python,2714,https://github.com/evansd/whitenoise,SUCCESS,Pip/Poetry,True,GitHub Actions,1093c9ab9f5ad39f186ef0879ed691aae24fcb7b,2025-01-06T12:28:35Z
evhub/coconut,Python,4307,https://github.com/evhub/coconut,SUCCESS,Pip/Poetry,True,GitHub Actions,afbf772712e9574f156f6caea5c532cb4cd5665b,2025-04-03T07:58:19Z
evilsocket/opensnitch,Python,12843,https://github.com/evilsocket/opensnitch,NO_CI,Unknown,False,GitHub Actions,ff3ac6663a9755442ed9acca5cc02fb007f37ff6,2025-01-09T16:15:28Z
explosion/spaCy,Python,33183,https://github.com/explosion/spaCy,SUCCESS,Pip/Poetry,True,GitHub Actions,85cc763006c6cbe69c31d41ac53fa20699551801,2025-01-13T17:17:36Z
explosion/thinc,Python,2889,https://github.com/explosion/thinc,SUCCESS,Pip/Poetry,True,GitHub Actions,a6a537111fa9a0f9ee48130135dc3c30f0a2b6db,2025-01-13T12:15:46Z
facebook/prophet,Python,20006,https://github.com/facebook/prophet,SUCCESS,Unknown,False,GitHub Actions,e9593f27e534f1618799dc569c3753b22990c70f,2025-05-15T15:34:09Z
facebookresearch/detectron2,Python,34057,https://github.com/facebookresearch/detectron2,SUCCESS,Setup.py,True,GitHub Actions,536dc9d527074e3b15df5f6677ffe1f4e104a4ab,2025-04-24T21:45:01Z
facebookresearch/fairseq,Python,32150,https://github.com/facebookresearch/fairseq,FAILURE,Pip/Poetry,True,GitHub Actions,ecbf110e1eb43861214b05fa001eff584954f65a,2024-10-18T16:40:02Z
facebookresearch/hydra,Python,10182,https://github.com/facebookresearch/hydra,SUCCESS,Pip/Poetry,True,GitHub Actions,ca4d25c7a025e50bf4a7be5ab5c8addb06d35a9a,2025-01-08T15:49:58Z
facebookresearch/nevergrad,Python,4149,https://github.com/facebookresearch/nevergrad,SUCCESS,Pip/Poetry,True,GitHub Actions,6212d1ae1b0a608596ae3277d96a35412b04596d,2025-02-28T08:36:44Z
fossasia/visdom,Python,10216,https://github.com/fossasia/visdom,FAILURE,Setup.py,True,GitHub Actions,224f1a2e8b365025bf390c4baebb646276f3498b,2026-02-21T13:14:12Z
facelessuser/BracketHighlighter,Python,1857,https://github.com/facelessuser/BracketHighlighter,SUCCESS,Unknown,False,GitHub Actions,befb563a86a3adc26797e3488231085c2568ef4b,2025-02-27T16:41:08Z
FactoryBoy/factory_boy,Python,3772,https://github.com/FactoryBoy/factory_boy,FAILURE,Setup.py,True,GitHub Actions,8b75576bf46946c559950b9b737a9770d3dc13f6,2025-02-03T09:28:32Z
faif/python-patterns,Python,42741,https://github.com/faif/python-patterns,FAILURE,Pip/Poetry,True,GitHub Actions,a40009447810050ee60b6800c41a262da6e18946,2025-04-23T00:10:21Z
fail2ban/fail2ban,Python,16904,https://github.com/fail2ban/fail2ban,SUCCESS,Setup.py,True,GitHub Actions,89b5f3bb1ecd3789b3271b648eeb83c620668e6f,2024-12-26T13:24:15Z
falconry/falcon,Python,9799,https://github.com/falconry/falcon,SUCCESS,Pip/Poetry,True,GitHub Actions,77d5e6394a88ead151c9469494749f95f06b24bf,2024-12-27T10:33:34Z
feeluown/FeelUOwn,Python,3902,https://github.com/feeluown/FeelUOwn,SUCCESS,Pip/Poetry,True,GitHub Actions,553302e08f7e2a0d8aecfb3b85d2cc33a6e068c3,2025-12-14T18:20:03Z
flairNLP/flair,Python,14355,https://github.com/flairNLP/flair,SUCCESS,Pip/Poetry,True,GitHub Actions,58e903cf60d207f93bce0a4108ae9c34a8762e3c,2025-01-01T11:08:03Z
pallets-eco/flask-admin,Python,6054,https://github.com/pallets-eco/flask-admin,SUCCESS,Pip/Poetry,True,GitHub Actions,250e4d74f7a3d3461590cb69c888dfa3ac3e3d41,2024-12-26T23:25:37Z
flaskbb/flaskbb,Python,2662,https://github.com/flaskbb/flaskbb,SUCCESS,Pip/Poetry,True,GitHub Actions,8aaaf0d4a11c6c2bed2e2df1daaf7753af9a043a,2026-01-31T20:59:28Z
scdl-org/scdl,Python,3926,https://github.com/scdl-org/scdl,FAILURE,Pip/Poetry,True,GitHub Actions,eb555d8993f55618d955cce6e78815b30a6c88ee,2025-02-20T16:46:21Z
bayesian-optimization/BayesianOptimization,Python,8550,https://github.com/bayesian-optimization/BayesianOptimization,SUCCESS,Pip/Poetry,True,GitHub Actions,0ef608f9d1ee3f6dbe5ff9bff0e65853f2593bc1,2024-12-27T08:03:19Z
fonttools/fonttools,Python,5001,https://github.com/fonttools/fonttools,SUCCESS,Pip/Poetry,True,GitHub Actions,8b47a2cb9f31b5cc42bd1e9adbe8bb1087ee48b9,2025-03-08T03:07:18Z
OctoPrint/OctoPrint,Python,8885,https://github.com/OctoPrint/OctoPrint,SUCCESS,Pip/Poetry,True,GitHub Actions,d79a0d20f3f1c7f2edb56dedda3b70267a937e65,2025-01-07T16:26:18Z
frappe/erpnext,Python,31660,https://github.com/frappe/erpnext,SUCCESS,Pip/Poetry,True,GitHub Actions,00b35761345fc7d4ba33d3ff201fb5205c2cf0aa,2025-08-07T16:22:10Z
freedomofpress/securedrop,Python,3771,https://github.com/freedomofpress/securedrop,SUCCESS,Pip/Poetry,True,GitHub Actions,95515353941456e6972ed58a6e717bec8701f742,2025-11-21T16:07:11Z
freqtrade/freqtrade,Python,46655,https://github.com/freqtrade/freqtrade,FAILURE,Pip/Poetry,True,GitHub Actions,b3296a06d97f1f06f43abd955c1d10d7a29308ef,2025-03-27T06:04:07Z
Gallopsled/pwntools,Python,13242,https://github.com/Gallopsled/pwntools,SUCCESS,Pip/Poetry,True,GitHub Actions,96d98cf192cf1e9bc5d6bbeff5311e8961e58439,2024-11-01T13:36:30Z
gawel/pyquery,Python,2378,https://github.com/gawel/pyquery,NO_CI,Setup.py,True,GitHub Actions,ce3ad507fd89c581bdd7aa086e96590e1f124277,2026-02-18T21:11:29Z
gboeing/osmnx,Python,5567,https://github.com/gboeing/osmnx,SUCCESS,Pip/Poetry,True,GitHub Actions,4ffabfb9824df39eb69c551fabfcfda32a56ac5c,2024-10-21T15:23:59Z
geekcomputers/Python,Python,34722,https://github.com/geekcomputers/Python,SUCCESS,Pip/Poetry,True,GitHub Actions,7403339b4070d0b6041350069d70d465594b7b8e,2025-09-19T15:26:05Z
geex-arts/django-jet,Python,3628,https://github.com/geex-arts/django-jet,SUCCESS,Setup.py,True,GitHub Actions,0cc1e636109f680de6759ac30c0b14ef980883bc,2025-11-26T22:21:06Z
geopandas/geopandas,Python,5042,https://github.com/geopandas/geopandas,SUCCESS,Pip/Poetry,True,GitHub Actions,37cf1ab2b452ff059e4dd57a298a6fa07b1311ed,2024-12-26T18:15:14Z
getnikola/nikola,Python,2715,https://github.com/getnikola/nikola,SUCCESS,Pip/Poetry,True,GitHub Actions,db843db9d3724d2cb3b5b98ab7dfcdb5e74d0d89,2024-12-31T15:52:25Z
getpelican/pelican,Python,13215,https://github.com/getpelican/pelican,SUCCESS,Pip/Poetry,True,GitHub Actions,92050d90bc99f65dfdcd2297d8223228a0d08367,2024-10-10T12:35:07Z
getredash/redash,Python,28209,https://github.com/getredash/redash,SUCCESS,Pip/Poetry,True,GitHub Actions,89d7f54e903dc80ef7499ef49b4a7972844696b5,2024-12-24T14:42:39Z
getsentry/responses,Python,4319,https://github.com/getsentry/responses,SUCCESS,Pip/Poetry,True,GitHub Actions,aee357ea4a57ac72644c9bbef0575eeca1c2ecc8,2025-01-10T00:18:15Z
getsentry/sentry,Python,43129,https://github.com/getsentry/sentry,SUCCESS,Pip/Poetry,True,GitHub Actions,c573998ea8fa728546c6ad3ce81a9dc7a184b397,2025-12-18T18:01:32Z
gevent/gevent,Python,6435,https://github.com/gevent/gevent,SUCCESS,Pip/Poetry,True,GitHub Actions,3a81654d034e1a72d39330a70d6313ed4cfd62d4,2025-02-27T08:56:19Z
giampaolo/psutil,Python,11076,https://github.com/giampaolo/psutil,SUCCESS,Pip/Poetry,True,GitHub Actions,3be9efe569973a40fc3a0d55362c6b99eadec5e6,2024-12-28T12:20:25Z
gitpython-developers/GitPython,Python,5062,https://github.com/gitpython-developers/GitPython,SUCCESS,Pip/Poetry,True,GitHub Actions,39cd608b762256663b862224bcb46bdb2fc18817,2025-01-02T11:31:12Z
google-research/football,Python,3549,https://github.com/google-research/football,SUCCESS,Pip/Poetry,True,GitHub Actions,3d9e754720a95621bba6475c4d3b0d56fe919014,2025-06-17T08:34:25Z
google/clusterfuzz,Python,5521,https://github.com/google/clusterfuzz,PENDING,Unknown,False,GitHub Actions,36baafc72866c115f9c8432c24263d5d6af23e2c,2024-12-26T13:55:48Z
google/grr,Python,5038,https://github.com/google/grr,SUCCESS,Unknown,False,GitHub Actions,aa5df4c961546a5bb0d43462d5255609b964892d,2024-09-26T09:25:55Z
jax-ml/jax,Python,34831,https://github.com/jax-ml/jax,FAILURE,Pip/Poetry,True,GitHub Actions,45065d569064392cee45a066f9f788fe29ee2cd8,2025-09-25T21:15:10Z
google/python-fire,Python,28102,https://github.com/google/python-fire,SUCCESS,Pip/Poetry,True,GitHub Actions,6cf45c663075c96b20dd0dfa733c2374545a4ad6,2024-12-11T16:53:58Z
google/pytype,Python,5034,https://github.com/google/pytype,FAILURE,Pip/Poetry,True,GitHub Actions,cdc2776057baae8675313ef20702b9511f7cfe1e,2024-12-19T14:17:17Z
google/yapf,Python,13984,https://github.com/google/yapf,SUCCESS,Pip/Poetry,True,GitHub Actions,bb834619b73845cd0f93985c25a264dfcfd8b7e3,2024-12-09T16:50:32Z
googleapis/google-api-python-client,Python,8695,https://github.com/googleapis/google-api-python-client,FAILURE,Setup.py,True,GitHub Actions,2a471164cf16cd936bda27e2192d1c579b86505d,2025-01-02T19:44:12Z
googleapis/google-cloud-python,Python,5210,https://github.com/googleapis/google-cloud-python,SUCCESS,Unknown,False,GitHub Actions,651dcb611ee0ff3327b67aee2fbe1e53d20d89ee,2024-12-27T18:35:43Z
googlefonts/noto-emoji,Python,4568,https://github.com/googlefonts/noto-emoji,SUCCESS,Pip/Poetry,True,GitHub Actions,22e564626297b4df0a40570ad81d6c05cc7c38bd,2024-10-03T15:38:07Z
gorakhargosh/watchdog,Python,7250,https://github.com/gorakhargosh/watchdog,SUCCESS,Pip/Poetry,True,GitHub Actions,fbb0e21d3fb6d4e38bd2065347068319043c66ac,2025-02-10T16:53:55Z
GrahamDumpleton/wrapt,Python,2270,https://github.com/GrahamDumpleton/wrapt,NO_CI,Pip/Poetry,True,GitHub Actions,0e5be764a7907ebe419bd893d7764705e638ee2b,2025-08-04T14:56:41Z
graphql-python/graphene-django,Python,4387,https://github.com/graphql-python/graphene-django,SUCCESS,Setup.py,True,GitHub Actions,8d4a64a40dca6b2c0b355bdb89b9205309884deb,2024-12-27T05:46:47Z
GSA/data.gov,Python,931,https://github.com/GSA/data.gov,SUCCESS,Unknown,False,GitHub Actions,045d8f0df45e39f5510f95469f8ee0df1060b644,2025-03-11T15:17:49Z
Guake/guake,Python,4616,https://github.com/Guake/guake,FAILURE,Pip/Poetry,True,GitHub Actions,2197650f1ec66d2da5867386ef0499e904a23b23,2025-01-07T05:38:21Z
guelfoweb/knock,Python,4131,https://github.com/guelfoweb/knock,NO_CI,Pip/Poetry,True,GitHub Actions,a617f7452ce46b93f8ac7c027d05692d4b315919,2026-02-14T15:17:45Z
gunthercox/ChatterBot,Python,14476,https://github.com/gunthercox/ChatterBot,SUCCESS,Pip/Poetry,True,GitHub Actions,0524b207f86a6ca25ca074f5b70b24679725e0b4,2025-01-05T14:44:06Z
guohongze/adminset,Python,3400,https://github.com/guohongze/adminset,SUCCESS,Pip/Poetry,True,GitHub Actions,bf9620821dc1a440d2dd7dd323cef82966cc3bab,2025-03-16T10:52:33Z
hankcs/HanLP,Python,36127,https://github.com/hankcs/HanLP,FAILURE,Setup.py,True,GitHub Actions,749ecf632634ec56f421fa1fc96970d0b116e027,2024-12-29T00:11:08Z
hannob/snallygaster,Python,2101,https://github.com/hannob/snallygaster,SUCCESS,Pip/Poetry,True,GitHub Actions,13d41820fdb1f2fbc2b15cdbf14161c9e1942ad1,2025-04-15T07:18:30Z
has2k1/plotnine,Python,4499,https://github.com/has2k1/plotnine,SUCCESS,Pip/Poetry,True,GitHub Actions,250ae83bc9bdd9ec32ccded781ff929e489d5229,2025-01-02T10:49:23Z
healthchecks/healthchecks,Python,9864,https://github.com/healthchecks/healthchecks,SUCCESS,Pip/Poetry,True,GitHub Actions,8dab5d8c36e085e4b301b16f03a8d8dde3abf537,2024-12-27T09:36:48Z
fake-useragent/fake-useragent,Python,4041,https://github.com/fake-useragent/fake-useragent,SUCCESS,Pip/Poetry,True,GitHub Actions,1b8c2ccfcf8c208a73c1a96c740b9443708775f9,2025-01-06T16:48:06Z
hhatto/autopep8,Python,4662,https://github.com/hhatto/autopep8,SUCCESS,Pip/Poetry,True,GitHub Actions,5b9a95364d6cebc3f41b7ee29df353f89b4c9406,2024-12-28T08:10:17Z
HIPS/autograd,Python,7454,https://github.com/HIPS/autograd,SUCCESS,Pip/Poetry,True,GitHub Actions,d64e6e30ace066b3b8397748a069e8f65f47887d,2025-01-01T10:05:35Z
HIT-SCIR/ltp,Python,5238,https://github.com/HIT-SCIR/ltp,SUCCESS,Unknown,False,GitHub Actions,557c05716c63766921078ac92c6a82328c693345,2025-02-18T08:43:55Z
holoviz/datashader,Python,3508,https://github.com/holoviz/datashader,SUCCESS,Pip/Poetry,True,GitHub Actions,a128e67d2c5cd533b9dffc2be3ffd00b883fbd5a,2025-01-07T20:04:25Z
home-assistant/core,Python,84738,https://github.com/home-assistant/core,PENDING,Pip/Poetry,True,GitHub Actions,4960871c8488582d52187f25df61e73fe1994d36,2025-12-18T10:04:34Z
sanic-org/sanic,Python,18638,https://github.com/sanic-org/sanic,FAILURE,Pip/Poetry,True,GitHub Actions,f23952ecbf0307010dd4fd5f13bb5c464a50d861,2024-12-31T08:42:15Z
huggingface/transformers,Python,156319,https://github.com/huggingface/transformers,SUCCESS,Pip/Poetry,True,GitHub Actions,05ad826002f613a294169933510a043804a2a354,2025-06-02T13:57:32Z
hugsy/gef,Python,8006,https://github.com/hugsy/gef,SUCCESS,Unknown,False,GitHub Actions,522535864f84fc68eb3f4f3d5b04fc4f0f89c09c,2024-12-27T23:59:37Z
hylang/hy,Python,5445,https://github.com/hylang/hy,SUCCESS,Setup.py,True,GitHub Actions,c64248a704bc9d7e5bbaf64ff02ce4f114133180,2025-01-04T12:03:24Z
hyperopt/hyperopt,Python,7619,https://github.com/hyperopt/hyperopt,FAILURE,Setup.py,True,GitHub Actions,cdbeeff5147550000cf3cf26de3fd9f92af17316,2024-12-27T12:22:32Z
hypothesis/h,Python,3104,https://github.com/hypothesis/h,SUCCESS,Pip/Poetry,True,GitHub Actions,7796541319c42ddfb3b371d8bb5af8024f106870,2024-12-30T11:07:21Z
HypothesisWorks/hypothesis,Python,8438,https://github.com/HypothesisWorks/hypothesis,NO_CI,Pip/Poetry,True,GitHub Actions,00401e1afbb1c8cfe269fa71dba411bbf9684de0,2024-10-16T21:06:05Z
idealo/imagededup,Python,5588,https://github.com/idealo/imagededup,FAILURE,Pip/Poetry,True,GitHub Actions,0f78da159146c6623423b266d9e0ec7d4ded2afe,2025-05-07T19:37:02Z
IDSIA/sacred,Python,4356,https://github.com/IDSIA/sacred,SUCCESS,Pip/Poetry,True,GitHub Actions,decffbc5483b8b8b737a622f3c35c8b153613cf3,2025-09-05T12:25:54Z
imWildCat/scylla,Python,4021,https://github.com/imWildCat/scylla,SUCCESS,Pip/Poetry,True,GitHub Actions,b051fd586f2e3268bb07f8d94a0b27dce01dea12,2024-08-31T15:44:55Z
inducer/pudb,Python,3203,https://github.com/inducer/pudb,SUCCESS,Pip/Poetry,True,GitHub Actions,0b9b626de46ae97127d078c48465db8e78a1c6cd,2025-01-23T16:16:28Z
insanum/gcalcli,Python,3633,https://github.com/insanum/gcalcli,SUCCESS,Pip/Poetry,True,GitHub Actions,e0e126e7660286226370ddf6c21236928e1a4e0d,2025-01-28T22:42:45Z
pyodide/pyodide,Python,14204,https://github.com/pyodide/pyodide,FAILURE,Pip/Poetry,True,GitHub Actions,b905d84bff109e27da9ff2148ba588ac99fbabf3,2024-11-15T14:07:03Z
ipython/ipython,Python,16675,https://github.com/ipython/ipython,FAILURE,Pip/Poetry,True,GitHub Actions,bf9303ace34d29c1fc53fa5055ca67f4b2105415,2024-10-17T12:41:45Z
ipython/traitlets,Python,649,https://github.com/ipython/traitlets,FAILURE,Pip/Poetry,True,GitHub Actions,1805ad936525f9833867d53e1129faeeed8ea7df,2025-02-04T08:53:25Z
treeverse/dvc,Python,15350,https://github.com/treeverse/dvc,FAILURE,Pip/Poetry,True,GitHub Actions,683a9f09bdd6aa943ea0b89fdfb36d88a9fc57a5,2024-12-26T09:00:00Z
jazzband/dj-database-url,Python,1560,https://github.com/jazzband/dj-database-url,FAILURE,Pip/Poetry,True,GitHub Actions,5f5af493400ac74080c7a0d8f5c868be2f0d1246,2025-02-16T07:53:52Z
jarun/buku,Python,7068,https://github.com/jarun/buku,SUCCESS,Pip/Poetry,True,GitHub Actions,349662a46eeefd90db8f910a9d3651e9e6d76649,2024-12-16T12:39:26Z
jarun/ddgr,Python,3218,https://github.com/jarun/ddgr,SUCCESS,Setup.py,True,GitHub Actions,f73d3ac1a16ab079df5a4d24e05d4d669a44ac26,2025-01-11T04:34:54Z
GAM-team/GAM,Python,4039,https://github.com/GAM-team/GAM,SUCCESS,Pip/Poetry,True,GitHub Actions,782d57b02e04637886ccb8b01826dc68ed34d060,2025-01-04T18:30:52Z
django-commons/django-debug-toolbar,Python,8349,https://github.com/django-commons/django-debug-toolbar,SUCCESS,Pip/Poetry,True,GitHub Actions,cda70d3cdf92942ca043ac2b8d6b91994adf6463,2024-12-31T02:34:43Z
jazzband/django-model-utils,Python,2754,https://github.com/jazzband/django-model-utils,SUCCESS,Pip/Poetry,True,GitHub Actions,e7778190739456780896776be276acbc4d694533,2025-04-03T17:58:57Z
django-oauth/django-oauth-toolkit,Python,3304,https://github.com/django-oauth/django-oauth-toolkit,SUCCESS,Pip/Poetry,True,GitHub Actions,c61d852ef500ef8a925383b654d1273a89639bb4,2025-01-06T20:16:36Z
jazzband/django-push-notifications,Python,2383,https://github.com/jazzband/django-push-notifications,SUCCESS,Pip/Poetry,True,GitHub Actions,222a51563a139f45e5971dcf7259a1190bdcab85,2024-12-27T20:36:16Z
jazzband/django-silk,Python,4920,https://github.com/jazzband/django-silk,SUCCESS,Pip/Poetry,True,GitHub Actions,d5d91d318d3b7fb5638aaac4879c171b3d4aac6d,2025-01-02T01:23:50Z
jazzband/django-taggit,Python,3427,https://github.com/jazzband/django-taggit,SUCCESS,Setup.py,True,GitHub Actions,848cf57e1048ffd2c63a21b28e474da269c66540,2024-10-18T08:10:36Z
jazzband/pip-tools,Python,7993,https://github.com/jazzband/pip-tools,FAILURE,Pip/Poetry,True,GitHub Actions,77122ce501a7c6b08c08023914079167d946bf90,2024-12-04T14:58:57Z
jazzband/tablib,Python,4752,https://github.com/jazzband/tablib,FAILURE,Pip/Poetry,True,GitHub Actions,e898434dcbcdbc8fa88daa243215e2284a58436b,2025-01-06T21:11:40Z
ocrmypdf/OCRmyPDF,Python,32563,https://github.com/ocrmypdf/OCRmyPDF,FAILURE,Pip/Poetry,True,GitHub Actions,17eed0529a8e89aa0f9d307396c8cb137fa8fb80,2025-01-04T20:21:46Z
jd/tenacity,Python,8337,https://github.com/jd/tenacity,NO_CI,Pip/Poetry,True,GitHub Actions,e7d21053e9c05dc852de52098aea02323cfd37b9,2016-08-15T05:37:35Z
jeffkaufman/icdiff,Python,4333,https://github.com/jeffkaufman/icdiff,SUCCESS,Setup.py,True,GitHub Actions,e8dd4a3041baeb66a11589e308362608c88cdd47,2026-02-08T15:01:19Z
jhao104/proxy_pool,Python,23138,https://github.com/jhao104/proxy_pool,SUCCESS,Pip/Poetry,True,GitHub Actions,e0fa4de1f59aaf3e287e6d166cee7b020bbe1578,2025-02-13T05:35:58Z
jmcnamara/XlsxWriter,Python,3906,https://github.com/jmcnamara/XlsxWriter,SUCCESS,Setup.py,True,GitHub Actions,6b698c2d283d1cb16a6ec138d8d0de70d1a5453c,2025-01-01T20:10:59Z
joblib/joblib,Python,4326,https://github.com/joblib/joblib,FAILURE,Pip/Poetry,True,GitHub Actions,3461d6c2c51d36d93f412bad7c198925697eed8c,2024-12-31T10:02:58Z
joke2k/django-environ,Python,3145,https://github.com/joke2k/django-environ,SUCCESS,Setup.py,True,GitHub Actions,176e812d8624f6937ba3dd276a0032929d87eb69,2025-01-13T15:27:06Z
joke2k/faker,Python,19073,https://github.com/joke2k/faker,SUCCESS,Setup.py,True,GitHub Actions,233a9a76a5b157e13716933c6f6d15ecdda6af2d,2025-01-03T17:03:47Z
JonathanSalwan/ROPgadget,Python,4367,https://github.com/JonathanSalwan/ROPgadget,SUCCESS,Setup.py,True,GitHub Actions,b3463a9832bb476c54fb46551b026de495d543bc,2025-01-22T18:05:22Z
jopohl/urh,Python,12183,https://github.com/jopohl/urh,SUCCESS,Setup.py,True,GitHub Actions,22dbc7fe01c212f2936e09a99e3d85f30b987ebb,2025-01-14T10:43:39Z
jpadilla/pyjwt,Python,5589,https://github.com/jpadilla/pyjwt,FAILURE,Pip/Poetry,True,GitHub Actions,697344d25990641b8b2aa85f0a60634b590b5702,2026-01-30T18:44:15Z
jquast/wcwidth,Python,438,https://github.com/jquast/wcwidth,SUCCESS,Pip/Poetry,True,GitHub Actions,082b9eb819f80ad42eeb53b9d171027b58bf6644,2025-06-14T10:16:56Z
jrfonseca/gprof2dot,Python,3431,https://github.com/jrfonseca/gprof2dot,FAILURE,Pip/Poetry,True,GitHub Actions,d5f801c2a073d16dc789c902f3e20885ef29d526,2024-11-22T09:52:17Z
jrnl-org/jrnl,Python,7141,https://github.com/jrnl-org/jrnl,NO_CI,Pip/Poetry,True,GitHub Actions,a1b3a612a5c8c6eb3c89cb80cc9f4d7fd1b52305,2025-02-25T03:14:00Z
python-jsonschema/jsonschema,Python,4919,https://github.com/python-jsonschema/jsonschema,FAILURE,Pip/Poetry,True,GitHub Actions,9f89e6d0a963b6321779cd4933127365d133d908,2024-10-22T03:56:43Z
jumpserver/jumpserver,Python,29843,https://github.com/jumpserver/jumpserver,FAILURE,Pip/Poetry,True,GitHub Actions,594d5b812885bac7f14f1f63429b3a46ddae558b,2025-01-23T07:55:43Z
jupyter/docker-stacks,Python,8412,https://github.com/jupyter/docker-stacks,SUCCESS,Unknown,False,GitHub Actions,f58ebf0cb9c7947a6be6aeeddfaa7a8b656b4220,2024-12-26T11:44:07Z
jupyter/jupyter,Python,15286,https://github.com/jupyter/jupyter,SUCCESS,Setup.py,True,GitHub Actions,06cd408b6fc346645a020291d1520c6d1cc11ee0,2025-01-25T00:09:11Z
jupyter/nbviewer,Python,2273,https://github.com/jupyter/nbviewer,SUCCESS,Pip/Poetry,True,GitHub Actions,bb220e5bf0b27b8ed8362d4afcc7d1e8c71a1186,2025-09-17T00:30:58Z
jupyterhub/jupyterhub,Python,8224,https://github.com/jupyterhub/jupyterhub,FAILURE,Pip/Poetry,True,GitHub Actions,e8806372c6cfa954510cc4c0bab4fd2621e70380,2024-10-19T10:34:25Z
justquick/django-activity-stream,Python,2447,https://github.com/justquick/django-activity-stream,SUCCESS,Setup.py,True,GitHub Actions,39f8d7f3a902c131c244454f84cf8a2c36111dfe,2025-10-13T07:49:15Z
nginx-proxy/nginx-proxy,Python,19740,https://github.com/nginx-proxy/nginx-proxy,SUCCESS,Unknown,False,GitHub Actions,a25b7ea1efb04cd4e8c497930534b6cfbda90a53,2024-12-08T13:06:38Z
wechatpy/wechatpy,Python,4252,https://github.com/wechatpy/wechatpy,SUCCESS,Pip/Poetry,True,GitHub Actions,cbf53e06d3469ac12447b68e753e1131669451b3,2024-12-31T03:18:38Z
Kaggle/kaggle-cli,Python,7140,https://github.com/Kaggle/kaggle-cli,SUCCESS,Pip/Poetry,True,GitHub Actions,73ede3c2910497fa25ad5823b67fdf5945a1db70,2024-12-23T16:42:30Z
keleshev/schema,Python,2940,https://github.com/keleshev/schema,SUCCESS,Pip/Poetry,True,GitHub Actions,003595fbdd0b43f32fd47fed21252613971b9f13,2025-02-20T22:02:56Z
keon/algorithms,Python,24972,https://github.com/keon/algorithms,NO_CI,Pip/Poetry,True,GitHub Actions,5991e05d58daf461ed6a9fc05e47afafc851fd2f,2025-11-03T00:08:44Z
keras-team/autokeras,Python,9309,https://github.com/keras-team/autokeras,SUCCESS,Pip/Poetry,True,GitHub Actions,db78b445ee3aa3aedb19a71d2d1e330cc87f12b3,2024-12-16T18:00:41Z
keras-team/keras,Python,63762,https://github.com/keras-team/keras,SUCCESS,Pip/Poetry,True,GitHub Actions,f54c127a5da4c905588813e79e219c780cebfb4a,2024-12-25T01:22:00Z
kevin1024/vcrpy,Python,2936,https://github.com/kevin1024/vcrpy,SUCCESS,Pip/Poetry,True,GitHub Actions,a6698ed060eecc8dbcafe091ef989ad1135c5916,2024-12-28T16:42:54Z
Kinto/kinto,Python,4416,https://github.com/Kinto/kinto,SUCCESS,Pip/Poetry,True,GitHub Actions,4dd4a77a2a023e62f9b511a4103f18e675a3bdc5,2024-12-17T10:00:59Z
kivy/kivy,Python,18847,https://github.com/kivy/kivy,FAILURE,Pip/Poetry,True,GitHub Actions,86a80e1efdd0e18d2b0e11315e9e8b7cf9b4f3cc,2024-12-26T09:52:46Z
kivy/python-for-android,Python,8855,https://github.com/kivy/python-for-android,SUCCESS,Setup.py,True,GitHub Actions,61ff0b69190204f147ec5df60c2c1f77f30f03d9,2025-01-01T06:01:01Z
kjd/idna,Python,274,https://github.com/kjd/idna,SUCCESS,Pip/Poetry,True,GitHub Actions,384f16825ef92cc08bb7e11bd42427bdaf87401d,2024-09-15T18:03:01Z
kornia/kornia,Python,11063,https://github.com/kornia/kornia,FAILURE,Pip/Poetry,True,GitHub Actions,6835d8e0c2ed9e26a2280c1f2b6da6841ccbf87e,2024-12-23T12:52:15Z
kovidgoyal/calibre,Python,24064,https://github.com/kovidgoyal/calibre,SUCCESS,Pip/Poetry,True,GitHub Actions,62bd116cdbf50f866d988f66370dcd8733610e04,2024-12-25T13:06:18Z
kovidgoyal/kitty,Python,31181,https://github.com/kovidgoyal/kitty,SUCCESS,Pip/Poetry,True,GitHub Actions,20821f4bebab66dbb10d2a327376612b3b7d0c63,2025-02-03T05:36:42Z
Kozea/pygal,Python,2749,https://github.com/Kozea/pygal,SUCCESS,Setup.py,True,GitHub Actions,b6d61fca187a8ef19499cbf73a7e9ebc6b28b7ea,2025-11-28T21:10:20Z
Kozea/Radicale,Python,4368,https://github.com/Kozea/Radicale,SUCCESS,Pip/Poetry,True,GitHub Actions,a4266c96902a8f213253820a7c785b84c6f7def2,2024-12-25T10:36:08Z
Kozea/WeasyPrint,Python,8620,https://github.com/Kozea/WeasyPrint,SUCCESS,Pip/Poetry,True,GitHub Actions,6fb413811c5c3b63e8f91ca0fa1c82fbcd32c65d,2024-12-26T19:37:25Z
ktbyers/netmiko,Python,4073,https://github.com/ktbyers/netmiko,SUCCESS,Pip/Poetry,True,GitHub Actions,692bd4a13a4a1266ec177f4aec9e734c577aed94,2024-12-28T08:37:59Z
kubernetes-client/python,Python,7505,https://github.com/kubernetes-client/python,SUCCESS,Pip/Poetry,True,GitHub Actions,0f3f8eca8fbd770afacd62c9d13233d688fbb22f,2024-04-05T12:44:05Z
lanpa/tensorboardX,Python,7987,https://github.com/lanpa/tensorboardX,SUCCESS,Pip/Poetry,True,GitHub Actions,4a0779852c75c55e1fcc60f4d908e8e62b92c36c,2024-12-28T09:46:13Z
laramies/theHarvester,Python,15612,https://github.com/laramies/theHarvester,SUCCESS,Pip/Poetry,True,GitHub Actions,3a3210685ef16a4167e91709fda962dab0bb5afd,2025-01-26T04:17:17Z
lark-parser/lark,Python,5754,https://github.com/lark-parser/lark,SUCCESS,Pip/Poetry,True,GitHub Actions,c3893d8ed82225e51202e3235f86bfd25a993ba9,2024-09-15T17:47:28Z
layumi/Person_reID_baseline_pytorch,Python,4393,https://github.com/layumi/Person_reID_baseline_pytorch,SUCCESS,Pip/Poetry,True,GitHub Actions,6523ea4335672ebfc117db2d3a473c96b86c81ed,2025-02-12T10:56:31Z
lektor/lektor,Python,3921,https://github.com/lektor/lektor,SUCCESS,Pip/Poetry,True,GitHub Actions,7a8d506e3d8bda7a8b7ccf583f67c633da1ab4b7,2025-05-08T07:40:51Z
authlib/authlib,Python,5206,https://github.com/authlib/authlib,SUCCESS,Pip/Poetry,True,GitHub Actions,23c218918a10e79db43ea07f0c954e9103f81522,2024-12-26T12:09:47Z
lepture/mistune,Python,2971,https://github.com/lepture/mistune,SUCCESS,Pip/Poetry,True,GitHub Actions,177a0ceefd23a8ebc7f7efb5c89c0be8023ae3bf,2024-12-30T02:06:06Z
liangliangyy/DjangoBlog,Python,7307,https://github.com/liangliangyy/DjangoBlog,FAILURE,Pip/Poetry,True,GitHub Actions,1fca14950c9106b5eb2a1ddb1e03b856b185773e,2025-01-08T13:00:10Z
librosa/librosa,Python,8187,https://github.com/librosa/librosa,FAILURE,Pip/Poetry,True,GitHub Actions,5d540c047f0316f35200daf67bc0c18c3174fd22,2025-01-13T17:15:58Z
lincolnloop/python-qrcode,Python,4847,https://github.com/lincolnloop/python-qrcode,FAILURE,Pip/Poetry,True,GitHub Actions,10da1ba2c95886312097608bd4632ba34765e0e0,2025-04-02T13:45:18Z
lk-geimfari/mimesis,Python,4788,https://github.com/lk-geimfari/mimesis,SUCCESS,Pip/Poetry,True,GitHub Actions,d607ac5d9a3543711c4f17d7236a211c2bfee427,2024-12-29T10:21:21Z
localstack/localstack,Python,64332,https://github.com/localstack/localstack,SUCCESS,Pip/Poetry,True,GitHub Actions,c9ecef3c9d9457dae50bb4b5c564c62c3acda45d,2024-12-25T11:29:56Z
locustio/locust,Python,27477,https://github.com/locustio/locust,FAILURE,Pip/Poetry,True,GitHub Actions,6ed5a6072c8ba7b8ad67b9162b8aae6a308ec2bf,2024-10-16T13:08:43Z
lorien/grab,Python,2451,https://github.com/lorien/grab,SUCCESS,Pip/Poetry,True,GitHub Actions,6a2adf59c1fbf42aaa32953c66267a2d92824219,2025-09-14T22:44:15Z
lra/mackup,Python,15103,https://github.com/lra/mackup,SUCCESS,Pip/Poetry,True,GitHub Actions,024936188b5e7afdc7982e7f478bc4acddcc7967,2025-01-02T14:57:51Z
lutris/lutris,Python,9601,https://github.com/lutris/lutris,SUCCESS,Pip/Poetry,True,GitHub Actions,3cfacbc8d145a5b831538a6e12de5492048ce88b,2024-12-28T19:43:01Z
lxml/lxml,Python,2994,https://github.com/lxml/lxml,SUCCESS,Pip/Poetry,True,GitHub Actions,8eb2045c07fa7149752b1911a966ad0022c3566f,2025-04-18T09:01:05Z
madmaze/pytesseract,Python,6310,https://github.com/madmaze/pytesseract,SUCCESS,Setup.py,True,GitHub Actions,c851d0fad2be422bf6ec07104733f320ddd1e3df,2024-12-29T18:15:55Z
MagicStack/asyncpg,Python,7932,https://github.com/MagicStack/asyncpg,SUCCESS,Pip/Poetry,True,GitHub Actions,d0797f1f7aed2d28253ec27adac39794a09b2690,2024-12-18T21:52:07Z
mahmoud/boltons,Python,6852,https://github.com/mahmoud/boltons,SUCCESS,Pip/Poetry,True,GitHub Actions,41c8cbdefb085c878483e819d25e82c055462590,2024-12-31T19:59:09Z
Mailu/Mailu,Python,7049,https://github.com/Mailu/Mailu,SUCCESS,Pip/Poetry,True,GitHub Actions,b1e31a69a210b730ffce1198efc221bf81b187fc,2024-08-15T10:52:58Z
mapillary/OpenSfM,Python,3715,https://github.com/mapillary/OpenSfM,SUCCESS,Pip/Poetry,True,GitHub Actions,47e36078d896cc34ba4cffdbc273485c9ac44528,2025-04-22T19:45:34Z
marshmallow-code/marshmallow,Python,7233,https://github.com/marshmallow-code/marshmallow,SUCCESS,Pip/Poetry,True,GitHub Actions,0b4dbe111970580b2ed0cb7dc11f3b39b859e4c3,2024-10-17T19:01:58Z
martinblech/xmltodict,Python,5724,https://github.com/martinblech/xmltodict,SUCCESS,Pip/Poetry,True,GitHub Actions,f759b13ca07ddd09f968fbec546dac28f03a7f64,2025-09-05T01:24:18Z
matplotlib/cycler,Python,79,https://github.com/matplotlib/cycler,SUCCESS,Pip/Poetry,True,GitHub Actions,4638537c23681aaab31b989393afa20192d5da98,2025-02-27T17:42:26Z
matplotlib/matplotlib,Python,22318,https://github.com/matplotlib/matplotlib,FAILURE,Pip/Poetry,True,GitHub Actions,d9b802073e83ad244e7fd3df71de1cbf4e5562c6,2024-12-09T17:43:41Z
matthewwithanm/django-imagekit,Python,2350,https://github.com/matthewwithanm/django-imagekit,SUCCESS,Setup.py,True,GitHub Actions,3222418bec836609b324f7b5de142c9646aa91bb,2025-05-09T12:46:44Z
maurosoria/dirsearch,Python,13976,https://github.com/maurosoria/dirsearch,FAILURE,Pip/Poetry,True,GitHub Actions,a04426fe3eb4799215421df15b1bff828cf4114f,2025-02-17T07:30:50Z
maxcountryman/flask-login,Python,3681,https://github.com/maxcountryman/flask-login,SUCCESS,Pip/Poetry,True,GitHub Actions,019dbe3ae0fb95966682e769280722afb0a6b904,2024-09-15T12:36:08Z
MechanicalSoup/MechanicalSoup,Python,4841,https://github.com/MechanicalSoup/MechanicalSoup,FAILURE,Pip/Poetry,True,GitHub Actions,e76a479b4e6c6928b6809f0f7892313e6c8de18d,2025-02-15T19:45:59Z
mesonbuild/meson,Python,6411,https://github.com/mesonbuild/meson,FAILURE,Pip/Poetry,True,GitHub Actions,a00467268549bce29e07cb435033b879ece939c3,2024-12-27T07:36:48Z
metabrainz/picard,Python,4598,https://github.com/metabrainz/picard,SUCCESS,Pip/Poetry,True,GitHub Actions,aceff379f2ab749297c31c1129af855c78e55244,2025-03-13T21:59:47Z
mher/flower,Python,7102,https://github.com/mher/flower,SUCCESS,Setup.py,True,GitHub Actions,3793830079c04b0b6709f8f895748a594bbf145b,2025-08-11T16:33:45Z
onionshare/onionshare,Python,6878,https://github.com/onionshare/onionshare,FAILURE,Unknown,False,GitHub Actions,4908d8d0f265512383a6398a8dfa7f77730ce655,2025-01-13T08:42:54Z
micheles/decorator,Python,902,https://github.com/micheles/decorator,SUCCESS,Pip/Poetry,True,GitHub Actions,a4c966311bed901e28dc077aeaa21aab8f01988b,2025-02-22T06:39:26Z
py-why/dowhy,Python,7949,https://github.com/py-why/dowhy,FAILURE,Pip/Poetry,True,GitHub Actions,aea674246ceef8fa775915f587e7039497baeac0,2024-12-31T08:14:48Z
microsoft/pyright,Python,15211,https://github.com/microsoft/pyright,FAILURE,Unknown,False,GitHub Actions,db368a1ace131372cb78d9c866ca3f5867495052,2024-12-25T16:33:48Z
recommenders-team/recommenders,Python,21442,https://github.com/recommenders-team/recommenders,FAILURE,Pip/Poetry,True,GitHub Actions,5265ff9a96c20f63a894dd440b8b1279ad4557f1,2025-01-14T07:56:38Z
miguelgrinberg/Flask-SocketIO,Python,5509,https://github.com/miguelgrinberg/Flask-SocketIO,SUCCESS,Pip/Poetry,True,GitHub Actions,b48f27861320a8e67662dec8fe53d91beeb8ee6a,2025-01-06T17:46:30Z
miguelgrinberg/python-socketio,Python,4323,https://github.com/miguelgrinberg/python-socketio,SUCCESS,Pip/Poetry,True,GitHub Actions,8964dab9d545333646fafad9aae0becd761a1045,2024-12-25T12:17:31Z
mindsdb/mindsdb,Python,38435,https://github.com/mindsdb/mindsdb,SUCCESS,Pip/Poetry,True,GitHub Actions,ac3d0777a8d6ec94e3fefe8c5533ce2b72f6672f,2024-12-24T13:56:57Z
saleor/saleor,Python,22589,https://github.com/saleor/saleor,SUCCESS,Pip/Poetry,True,GitHub Actions,7a977f5c1366b549891e7ff236a699ecd2a280be,2024-12-24T12:34:45Z
miso-belica/sumy,Python,3659,https://github.com/miso-belica/sumy,SUCCESS,Pip/Poetry,True,GitHub Actions,1fd770be6eb3ad5f4cb19fdb238ee1784f68dbf4,2025-12-28T16:02:53Z
mitmproxy/mitmproxy,Python,42247,https://github.com/mitmproxy/mitmproxy,SUCCESS,Pip/Poetry,True,GitHub Actions,db32f1a908fad7eac07e4420c3e35e14d1a796f3,2024-12-28T13:24:33Z
mkaz/termgraph,Python,3250,https://github.com/mkaz/termgraph,SUCCESS,Pip/Poetry,True,GitHub Actions,6ae83d3002d92cf2d6ba3fdcf025507551f2f79c,2025-08-22T13:32:10Z
mkdocs/mkdocs,Python,21697,https://github.com/mkdocs/mkdocs,FAILURE,Pip/Poetry,True,GitHub Actions,4c7404485f988f409ccaf42fefe705222ff5965a,2025-02-21T14:12:15Z
mlflow/mlflow,Python,24072,https://github.com/mlflow/mlflow,PENDING,Pip/Poetry,True,GitHub Actions,877abab5e75d2034be5dae83004b69da6743f3d8,2025-06-06T00:53:30Z
modin-project/modin,Python,10358,https://github.com/modin-project/modin,FAILURE,Setup.py,True,GitHub Actions,caa6116d641553fdc4b4f65e84313a6df893872f,2025-01-16T04:46:37Z
mongodb/mongo-python-driver,Python,4333,https://github.com/mongodb/mongo-python-driver,SUCCESS,Pip/Poetry,True,GitHub Actions,bdaf43c53df07a97ad9bb7f8f091b66bc7b82b60,2024-12-30T14:18:52Z
MongoEngine/mongoengine,Python,4353,https://github.com/MongoEngine/mongoengine,SUCCESS,Setup.py,True,GitHub Actions,69e76b03fec2dc15387800d4ecad91b9c8ecaa98,2025-03-13T13:41:23Z
mopidy/mopidy,Python,8448,https://github.com/mopidy/mopidy,SUCCESS,Pip/Poetry,True,GitHub Actions,c1ec40ca388c76ef7727bfd5ad750674d70a7f90,2025-01-26T08:06:29Z
mozilla/bleach,Python,2749,https://github.com/mozilla/bleach,FAILURE,Setup.py,True,GitHub Actions,5d9b65da839782ad348cec04bed2bf590c23353a,2025-02-10T13:53:39Z
mozillazg/python-pinyin,Python,5255,https://github.com/mozillazg/python-pinyin,SUCCESS,Pip/Poetry,True,GitHub Actions,0509a12f49929ebc6819706d5ed1fb65f4f20bb8,2025-01-03T12:19:37Z
mps-youtube/yewtube,Python,8614,https://github.com/mps-youtube/yewtube,SUCCESS,Pip/Poetry,True,GitHub Actions,55242a1b189478fc95597d62427d67c0c741ec64,2025-01-05T21:13:56Z
py-pdf/pypdf,Python,9802,https://github.com/py-pdf/pypdf,SUCCESS,Pip/Poetry,True,GitHub Actions,ddc23bbcd7ee09ed1ca107630e05e5c481660b98,2024-12-25T11:10:34Z
mwaskom/seaborn,Python,13718,https://github.com/mwaskom/seaborn,SUCCESS,Pip/Poetry,True,GitHub Actions,385e54676ca16d0132434bc9df6bc41ea8b2a0d4,2024-12-16T12:54:02Z
mwouts/jupytext,Python,7113,https://github.com/mwouts/jupytext,SUCCESS,Pip/Poetry,True,GitHub Actions,c148bfe23eade987f1f7c004ef2b2fb9545c5254,2025-03-13T09:06:40Z
nabla-c0d3/sslyze,Python,3732,https://github.com/nabla-c0d3/sslyze,SUCCESS,Pip/Poetry,True,GitHub Actions,f0976a4a68996cfce9dfe5594e8922f72c34c413,2024-12-26T17:42:33Z
coveragepy/coveragepy,Python,3318,https://github.com/coveragepy/coveragepy,SUCCESS,Pip/Poetry,True,GitHub Actions,878410caf5a026773769fe68a43705dcc48ddfc3,2024-12-26T13:42:46Z
SigmaHQ/sigma,Python,10107,https://github.com/SigmaHQ/sigma,SUCCESS,Unknown,False,GitHub Actions,1df3c343910bb708908efc6ce2784e1193819c58,2024-12-27T15:38:02Z
netbox-community/netbox,Python,19759,https://github.com/netbox-community/netbox,SUCCESS,Pip/Poetry,True,GitHub Actions,f03489f58ee6452f9b0c60d84364f0c67c96b41e,2024-12-27T20:11:51Z
Netflix/metaflow,Python,9754,https://github.com/Netflix/metaflow,SUCCESS,Setup.py,True,GitHub Actions,426f1ea282832076d5686dd1826253df2465bd2b,2024-12-27T18:44:46Z
Netflix/vmaf,Python,5258,https://github.com/Netflix/vmaf,SUCCESS,Unknown,False,GitHub Actions,aa6edca465d034a87624e225719bfb13a9b44a3b,2025-01-09T05:05:00Z
networkx/networkx,Python,16602,https://github.com/networkx/networkx,SUCCESS,Pip/Poetry,True,GitHub Actions,1d9a6f001e46b574a124d9e6cf52b7d2329f35cf,2024-12-29T10:20:50Z
nicolargo/glances,Python,31617,https://github.com/nicolargo/glances,FAILURE,Pip/Poetry,True,GitHub Actions,4c31611f2f857ff4161941ce59295f85f660be59,2025-07-05T08:44:29Z
jazzband/django-redis,Python,3054,https://github.com/jazzband/django-redis,FAILURE,Pip/Poetry,True,GitHub Actions,036bb5d27b109832c525240781159b18abcb09b9,2025-04-29T06:32:04Z
nltk/nltk,Python,14499,https://github.com/nltk/nltk,SUCCESS,Setup.py,True,GitHub Actions,7397ccfed06e7c836d3acb0b9197f6e6b26c6741,2024-11-11T06:24:40Z
nodejs/node-gyp,Python,10509,https://github.com/nodejs/node-gyp,SUCCESS,Unknown,False,GitHub Actions,94448fcd9f090814bce1c4361471dae199dc2e82,2025-01-02T19:41:47Z
julien-duponchelle/python-mysql-replication,Python,2421,https://github.com/julien-duponchelle/python-mysql-replication,SUCCESS,Pip/Poetry,True,GitHub Actions,894b13c6e958354b80dfd834e3b7c5d085426b23,2025-03-10T21:26:28Z
novnc/websockify,Python,4327,https://github.com/novnc/websockify,SUCCESS,Setup.py,True,GitHub Actions,0d519b9c18139bcdee7f1bdb9dc785be26bdab29,2025-02-12T10:05:56Z
nteract/papermill,Python,6373,https://github.com/nteract/papermill,SUCCESS,Pip/Poetry,True,GitHub Actions,2be801ddd059774d3149fa3e80f07f1d3799b25c,2025-11-13T02:06:17Z
Nuitka/Nuitka,Python,14501,https://github.com/Nuitka/Nuitka,SUCCESS,Pip/Poetry,True,GitHub Actions,6a4058ce41048ac35786bd42d629cfffec48b315,2026-01-31T11:23:15Z
numba/numba,Python,10898,https://github.com/numba/numba,SUCCESS,Pip/Poetry,True,GitHub Actions,b36b9c349513307a04e31c563dfcc7160605a4be,2024-09-03T12:44:33Z
numpy/numpy,Python,31410,https://github.com/numpy/numpy,FAILURE,Pip/Poetry,True,GitHub Actions,feb3091b1135217ebcba9c01a1b939aa937038ce,2024-12-25T17:03:59Z
NVIDIAGameWorks/kaolin,Python,5037,https://github.com/NVIDIAGameWorks/kaolin,NO_CI,Setup.py,True,GitHub Actions,8bfb766563cc09cd309c874a4cc1a755585dcd01,2025-02-28T03:16:47Z
oauthlib/oauthlib,Python,2952,https://github.com/oauthlib/oauthlib,FAILURE,Pip/Poetry,True,GitHub Actions,028a8f18808bebf3659388f914fc6eb89f9d2bda,2025-01-28T08:57:44Z
pypa/hatch,Python,7135,https://github.com/pypa/hatch,FAILURE,Pip/Poetry,True,GitHub Actions,d81790e47faaa145d1b6ad2fabc73327cc5d62a2,2025-03-04T04:59:46Z
oliver006/elasticsearch-gmail,Python,2057,https://github.com/oliver006/elasticsearch-gmail,SUCCESS,Pip/Poetry,True,GitHub Actions,e6ac44cc4d1b7b866f5575fd7697275e15cdc3e1,2025-05-21T04:18:58Z
onnx/onnx,Python,20307,https://github.com/onnx/onnx,FAILURE,Pip/Poetry,True,GitHub Actions,614d239449dd42b3a3226c72b04808739a20a05c,2024-12-25T17:49:34Z
openatx/uiautomator2,Python,7846,https://github.com/openatx/uiautomator2,FAILURE,Pip/Poetry,True,GitHub Actions,aff1f9e91ef30dad43f268d0dbbe8deb65485b72,2024-12-25T22:29:55Z
cvat-ai/cvat,Python,15272,https://github.com/cvat-ai/cvat,SUCCESS,Pip/Poetry,True,GitHub Actions,279db7c45738ce45afac2755653667509adc019b,2024-12-30T12:55:06Z
openvinotoolkit/open_model_zoo,Python,4351,https://github.com/openvinotoolkit/open_model_zoo,FAILURE,Unknown,False,GitHub Actions,545a1a1084d5fad8623596080fa9e8b80dd2b820,2025-03-07T10:10:42Z
OpenDroneMap/ODM,Python,5737,https://github.com/OpenDroneMap/ODM,FAILURE,Pip/Poetry,True,GitHub Actions,0333e08ce091c58d12222311f4ccfe5df8e61333,2025-02-14T15:06:02Z
OpenMined/PySyft,Python,9852,https://github.com/OpenMined/PySyft,SUCCESS,Unknown,False,GitHub Actions,f1c1d6e5cf33033297b5b709c31cbb1be5f1eb65,2025-02-12T04:13:53Z
optuna/optuna,Python,13488,https://github.com/optuna/optuna,SUCCESS,Pip/Poetry,True,GitHub Actions,0d7fb5a579251ce9ce174d75d9af5da44ed006d7,2024-10-11T09:36:14Z
OWASP/CheatSheetSeries,Python,31325,https://github.com/OWASP/CheatSheetSeries,SUCCESS,Pip/Poetry,True,GitHub Actions,083ec3d453cd157b92529b55ab9d733c55c7a81d,2024-12-29T22:11:17Z
OWASP/mastg,Python,12708,https://github.com/OWASP/mastg,FAILURE,Unknown,False,GitHub Actions,c629de3d16328b7045443e60427bd3c7cd279c3b,2025-01-13T13:18:36Z
PaddlePaddle/ERNIE,Python,7679,https://github.com/PaddlePaddle/ERNIE,FAILURE,Pip/Poetry,True,GitHub Actions,2d7a31efbe36adf7653391e2fcb02e107c2cab1f,2025-06-30T03:35:37Z
pallets/click,Python,17192,https://github.com/pallets/click,SUCCESS,Pip/Poetry,True,GitHub Actions,26aa7bf3189e19a8a63890b1c2cc7eca24312d6f,2024-11-02T14:44:23Z
pallets/flask,Python,71146,https://github.com/pallets/flask,FAILURE,Pip/Poetry,True,GitHub Actions,e63ead4208c1e56723532878728ef9c2eb197b01,2024-09-24T00:54:01Z
pallets/itsdangerous,Python,3104,https://github.com/pallets/itsdangerous,SUCCESS,Pip/Poetry,True,GitHub Actions,11b0f7ebb0c96ac8af6b42b4b139adf6c627e537,2025-01-14T21:43:45Z
pallets/jinja,Python,11447,https://github.com/pallets/jinja,SUCCESS,Pip/Poetry,True,GitHub Actions,f502aac8dcc743f221f3c5ae131d8722135c349f,2024-12-18T16:27:51Z
pallets/markupsafe,Python,686,https://github.com/pallets/markupsafe,SUCCESS,Pip/Poetry,True,GitHub Actions,8cb1691ca038ca39942e088b956f5b94d8f636bf,2024-10-17T00:07:09Z
pallets/werkzeug,Python,6842,https://github.com/pallets/werkzeug,SUCCESS,Pip/Poetry,True,GitHub Actions,cfe71ee9d53d612c39801e32a1258c6eb1e52f75,2024-10-24T22:15:23Z
pandas-dev/pandas,Python,47849,https://github.com/pandas-dev/pandas,SUCCESS,Pip/Poetry,True,GitHub Actions,59b3a1a1a770ff1bd8311e7c1f1d4b1f918dcd4c,2024-12-27T14:21:12Z
ydataai/ydata-profiling,Python,13376,https://github.com/ydataai/ydata-profiling,FAILURE,Pip/Poetry,True,GitHub Actions,df663202efd56e28bd3ea96970c02be00bb0e1fd,2025-03-04T16:44:29Z
pex-tool/pex,Python,4181,https://github.com/pex-tool/pex,SUCCESS,Pip/Poetry,True,GitHub Actions,bf81c7a11ad0040e69e910109491b970140cbaf6,2025-01-03T16:41:26Z
pcqpcq/open-source-android-apps,Python,10318,https://github.com/pcqpcq/open-source-android-apps,NO_CI,Unknown,False,GitHub Actions,fa0f4cba44c32a771f9f676e72b580e6d60da93d,2025-12-22T02:14:38Z
pdfminer/pdfminer.six,Python,6890,https://github.com/pdfminer/pdfminer.six,SUCCESS,Pip/Poetry,True,GitHub Actions,32c38a2145bce583c4f26b0ef5ab8502ca0d13b1,2025-03-24T07:26:37Z
pennersr/django-allauth,Python,10293,https://github.com/pennersr/django-allauth,SUCCESS,Pip/Poetry,True,GitHub Actions,7eb0a40e2066fbbde47db70c04ea88b8a4e204e1,2024-12-25T20:56:58Z
peterbrittain/asciimatics,Python,4260,https://github.com/peterbrittain/asciimatics,FAILURE,Pip/Poetry,True,GitHub Actions,e77fff3cf45eaa63243d608891dcb5b2c2b01a39,2025-04-17T20:51:11Z
pytest-dev/pytest-testinfra,Python,2453,https://github.com/pytest-dev/pytest-testinfra,SUCCESS,Pip/Poetry,True,GitHub Actions,0df12c4341374e2013b9469efa8c1259e7bb511a,2025-03-29T11:09:29Z
Picovoice/porcupine,Python,4671,https://github.com/Picovoice/porcupine,SUCCESS,Unknown,False,GitHub Actions,0272de789c05548e1c0ec91b9fcc2a8f38c221aa,2025-01-16T19:42:30Z
pika/pika,Python,3859,https://github.com/pika/pika,SUCCESS,Pip/Poetry,True,GitHub Actions,aebc2a1e50e9ab40455e3da83d7047b981bf3ab3,2025-01-10T17:41:48Z
ArchiveBox/ArchiveBox,Python,26820,https://github.com/ArchiveBox/ArchiveBox,FAILURE,Pip/Poetry,True,GitHub Actions,3312a34b39167058afa5d83c78e96031575c2402,2024-12-25T11:50:40Z
spotipy-dev/spotipy,Python,5378,https://github.com/spotipy-dev/spotipy,SUCCESS,Setup.py,True,GitHub Actions,14ab13d2925ae42601f90c931008312aa2c730f3,2025-01-03T12:26:08Z
platformio/platformio-core,Python,8870,https://github.com/platformio/platformio-core,SUCCESS,Setup.py,True,GitHub Actions,c9016d693918eed31efad16e8ebe564e03b06630,2025-01-03T10:56:03Z
plotly/dash,Python,24463,https://github.com/plotly/dash,FAILURE,Setup.py,True,GitHub Actions,9c254553df06bd8f2c449018e9c38dc247dc17dc,2024-12-30T18:29:14Z
plotly/plotly.py,Python,18243,https://github.com/plotly/plotly.py,FAILURE,Pip/Poetry,True,GitHub Actions,0953cdac9108be2619219125e76aa81e4291d218,2025-01-06T22:25:56Z
PokeAPI/pokeapi,Python,4965,https://github.com/PokeAPI/pokeapi,SUCCESS,Pip/Poetry,True,GitHub Actions,57573011b20d2b4a13327a8d87c36bd77961d15d,2025-01-06T19:25:17Z
isso-comments/isso,Python,5260,https://github.com/isso-comments/isso,SUCCESS,Setup.py,True,GitHub Actions,27f71be05e37df4b025b920d1edaac7785eb37f2,2025-07-17T21:40:09Z
praw-dev/praw,Python,4002,https://github.com/praw-dev/praw,SUCCESS,Pip/Poetry,True,GitHub Actions,75d8663ee14b1fb02b27bcb517252797c486658d,2024-12-23T19:33:22Z
pre-commit/pre-commit,Python,14935,https://github.com/pre-commit/pre-commit,SUCCESS,Setup.py,True,GitHub Actions,aa85be934071e7c73fb49e9339e307285a784d16,2024-12-28T20:45:05Z
PrefectHQ/prefect,Python,21585,https://github.com/PrefectHQ/prefect,PENDING,Pip/Poetry,True,GitHub Actions,bafed7ce8cb1e58ea452dffdfcc9da58eea36d0b,2024-12-26T15:12:35Z
prompt-toolkit/ptpython,Python,5404,https://github.com/prompt-toolkit/ptpython,SUCCESS,Pip/Poetry,True,GitHub Actions,1f1eb1796a67699bbc2bba21129aaf1e6dab978b,2025-04-10T14:12:43Z
prompt-toolkit/python-prompt-toolkit,Python,10267,https://github.com/prompt-toolkit/python-prompt-toolkit,SUCCESS,Pip/Poetry,True,GitHub Actions,8ea330640c8f7c82c299fb49325f52f38cc84797,2025-01-01T20:36:32Z
psf/black,Python,41372,https://github.com/psf/black,SUCCESS,Pip/Poetry,True,GitHub Actions,9431e98522ec91087f0e2b5fcd71a7a807f52ed7,2024-12-28T00:48:23Z
psf/requests,Python,53723,https://github.com/psf/requests,SUCCESS,Pip/Poetry,True,GitHub Actions,26664fa57853e97717b0a72244d35eeadaac48d9,2024-10-28T16:05:11Z
pwndbg/pwndbg,Python,9989,https://github.com/pwndbg/pwndbg,FAILURE,Pip/Poetry,True,GitHub Actions,6890f2f29133aaeb1bb3b0106d11a9ec5546dcd9,2024-12-28T11:55:12Z
pyca/cryptography,Python,7473,https://github.com/pyca/cryptography,SUCCESS,Pip/Poetry,True,GitHub Actions,a0dbde7930d8b8b9a8feba09c30eb0fa2695e8d2,2024-12-25T13:12:01Z
PyCQA/bandit,Python,7772,https://github.com/PyCQA/bandit,SUCCESS,Pip/Poetry,True,GitHub Actions,13d3406dbba67e22d80f8f8e5b182c5f6e45face,2025-01-07T15:12:18Z
PyCQA/pycodestyle,Python,5153,https://github.com/PyCQA/pycodestyle,SUCCESS,Setup.py,True,GitHub Actions,5f7b5d261996c2c25530a82eae2cf5eeffc22c3c,2025-02-17T22:43:58Z
pylint-dev/pylint,Python,5647,https://github.com/pylint-dev/pylint,SUCCESS,Pip/Poetry,True,GitHub Actions,e1c059be2a9a6e6c07a57509c59384c777081bf5,2024-12-01T18:50:00Z
cookiecutter/cookiecutter-django,Python,13403,https://github.com/cookiecutter/cookiecutter-django,SUCCESS,Pip/Poetry,True,GitHub Actions,8bf9a8c2785073f7dfdc5bad72165eed9320ed4a,2024-10-21T20:10:42Z
pydata/xarray,Python,4085,https://github.com/pydata/xarray,SUCCESS,Pip/Poetry,True,GitHub Actions,b14080e7b40869bb31a2d89099548e08788ad3b5,2024-12-31T17:02:35Z
pyecharts/pyecharts,Python,15714,https://github.com/pyecharts/pyecharts,SUCCESS,Pip/Poetry,True,GitHub Actions,0fbbcf94700277efdac865c64a90ea9323bce960,2025-01-24T02:54:19Z
pyeve/cerberus,Python,3264,https://github.com/pyeve/cerberus,SUCCESS,Pip/Poetry,True,GitHub Actions,c07c2f942873bd90d333347cb679850a85680aa6,2024-12-31T14:21:41Z
pyeve/eve,Python,6748,https://github.com/pyeve/eve,SUCCESS,Pip/Poetry,True,GitHub Actions,172f3f251bc34d7c59cd72c9b67873b99ba0f486,2024-10-15T07:27:56Z
PyGithub/PyGithub,Python,7661,https://github.com/PyGithub/PyGithub,SUCCESS,Pip/Poetry,True,GitHub Actions,81f8f05bbb7b4fa62b06fb28a3d46893f81f60b1,2025-01-07T10:55:06Z
pyinstaller/pyinstaller,Python,12873,https://github.com/pyinstaller/pyinstaller,NO_CI,Pip/Poetry,True,GitHub Actions,f5d670162d13cbbd9fc217a9be3a2aa2c1647650,2024-12-28T19:14:15Z
pyload/pyload,Python,3701,https://github.com/pyload/pyload,SUCCESS,Pip/Poetry,True,GitHub Actions,49fe2fe40678864d73b3484fa6d80cd7adaaac6a,2024-12-21T15:41:30Z
Pylons/pyramid,Python,4070,https://github.com/Pylons/pyramid,FAILURE,Pip/Poetry,True,GitHub Actions,a254f1d7bd23345d477d21bf83d201f9622ba835,2024-12-06T07:00:45Z
pymc-devs/pymc,Python,9480,https://github.com/pymc-devs/pymc,SUCCESS,Pip/Poetry,True,GitHub Actions,bc3531635a75b6767cc99bcad8a3b7bb1211c155,2024-12-25T15:29:38Z
PyMySQL/mysqlclient,Python,2525,https://github.com/PyMySQL/mysqlclient,SUCCESS,Pip/Poetry,True,GitHub Actions,21b99a031c5c9776a0893927c09bb764da06f261,2026-02-07T15:10:15Z
pypa/pip,Python,10089,https://github.com/pypa/pip,SUCCESS,Pip/Poetry,True,GitHub Actions,e5c307289fc311fca6c677aefdfc9274354d9a91,2024-10-13T10:11:07Z
pypa/pipenv,Python,25110,https://github.com/pypa/pipenv,FAILURE,Pip/Poetry,True,GitHub Actions,b6fc7d8665bfc8073311786531613a0228c45bde,2025-01-09T20:31:27Z
pypa/virtualenv,Python,5008,https://github.com/pypa/virtualenv,SUCCESS,Pip/Poetry,True,GitHub Actions,de4465f88bd769858d53f988198ab04bff4b328e,2024-10-18T01:26:52Z
pypi/warehouse,Python,3952,https://github.com/pypi/warehouse,PENDING,Pip/Poetry,True,GitHub Actions,3c99c2a084ab7edcc66ec62db389d242f389438e,2024-12-26T15:52:22Z
pyparsing/pyparsing,Python,2455,https://github.com/pyparsing/pyparsing,SUCCESS,Pip/Poetry,True,GitHub Actions,dde1a025d0783d4e90ce0ee089c9b7cf89f50c78,2024-12-30T14:57:06Z
PyQt5/PyQt,Python,7110,https://github.com/PyQt5/PyQt,NO_CI,Pip/Poetry,True,GitHub Actions,4bdb73f7993ee3fea799fa18c1916c8c8b80ff2b,2025-04-08T14:36:56Z
pyqtgraph/pyqtgraph,Python,4292,https://github.com/pyqtgraph/pyqtgraph,SUCCESS,Pip/Poetry,True,GitHub Actions,54efcbd2398c0f39a11ec1d14fe8f7f3f3a6b901,2024-10-15T17:30:46Z
pyro-ppl/pyro,Python,8971,https://github.com/pyro-ppl/pyro,SUCCESS,Pip/Poetry,True,GitHub Actions,86277f33fc60af7520c88deb9cf38ba39c6c9519,2024-12-31T19:20:12Z
pyserial/pyserial,Python,3498,https://github.com/pyserial/pyserial,SUCCESS,Pip/Poetry,True,GitHub Actions,a26d8035429cc7ce6e478a9aa85dab56bad83b94,2025-11-06T02:46:43Z
pytest-dev/pytest,Python,13547,https://github.com/pytest-dev/pytest,FAILURE,Pip/Poetry,True,GitHub Actions,922d6841b0fe3dd1030f2ec4b816778a74a3bf84,2024-10-23T15:12:04Z
python-attrs/attrs,Python,5729,https://github.com/python-attrs/attrs,SUCCESS,Pip/Poetry,True,GitHub Actions,076cf7643c1766dfe932ba9193fd273dc3cfc3df,2024-12-28T06:42:52Z
Python-Markdown/markdown,Python,4158,https://github.com/Python-Markdown/markdown,SUCCESS,Pip/Poetry,True,GitHub Actions,f2ae4e4a453ba621a141ace7f1603c3a057fade2,2025-01-28T20:03:58Z
python-pillow/Pillow,Python,13374,https://github.com/python-pillow/Pillow,SUCCESS,Pip/Poetry,True,GitHub Actions,3911afbc97f5b3195609800f471794f6b3e349dc,2024-10-14T05:56:48Z
python-poetry/poetry,Python,34199,https://github.com/python-poetry/poetry,SUCCESS,Pip/Poetry,True,GitHub Actions,2d540ea83bc0238b25f5bc1ee367b0b2fac6c0d4,2024-12-28T19:39:52Z
python-telegram-bot/python-telegram-bot,Python,28779,https://github.com/python-telegram-bot/python-telegram-bot,FAILURE,Pip/Poetry,True,GitHub Actions,4f255b6e21debd7ff5274400bf0d36e56bf169fa,2024-12-15T09:26:37Z
python-trio/trio,Python,7161,https://github.com/python-trio/trio,SUCCESS,Pip/Poetry,True,GitHub Actions,ded5cacc5cd150042878c4805a707bbb120acf60,2024-10-17T01:45:37Z
python-visualization/folium,Python,7319,https://github.com/python-visualization/folium,SUCCESS,Pip/Poetry,True,GitHub Actions,ccb7509c1f8a9ddd2a2d488725f7a20145e3f167,2024-12-29T14:36:13Z
python/cpython,Python,71442,https://github.com/python/cpython,PENDING,Unknown,False,GitHub Actions,3d396ab7591d544ac8bc1fb49615b4e867ca1c83,2025-06-05T09:17:03Z
python/mypy,Python,20194,https://github.com/python/mypy,SUCCESS,Pip/Poetry,True,GitHub Actions,ed4cd382715e868b2544127d4c88351a41864fc1,2024-12-25T19:00:10Z
python/typeshed,Python,4998,https://github.com/python/typeshed,SUCCESS,Pip/Poetry,True,GitHub Actions,d8822689f79e893c9e0a644f81af3a4a79ef0017,2024-12-25T22:25:39Z
pytoolz/toolz,Python,5112,https://github.com/pytoolz/toolz,SUCCESS,Pip/Poetry,True,GitHub Actions,08f2604f599847272d801c7f0467451de59fa33a,2025-01-08T17:51:15Z
pytorch/examples,Python,23736,https://github.com/pytorch/examples,SUCCESS,Unknown,False,GitHub Actions,6967ff567601f7b3f4827b80db4125e5c6c2c95e,2025-04-29T18:47:49Z
facebookresearch/fairseq,Python,32150,https://github.com/facebookresearch/fairseq,FAILURE,Pip/Poetry,True,GitHub Actions,ecbf110e1eb43861214b05fa001eff584954f65a,2024-10-18T16:40:02Z
pytorch/ignite,Python,4732,https://github.com/pytorch/ignite,FAILURE,Pip/Poetry,True,GitHub Actions,7795700796e3dafdd113973bfd562000b25c7ea0,2025-01-03T10:27:25Z
pytorch/pytorch,Python,97300,https://github.com/pytorch/pytorch,FAILURE,Pip/Poetry,True,GitHub Actions,a0f5941246d385a1900a5d3a1296687f389fbed4,2025-12-13T22:20:39Z
pytorch/tutorials,Python,9035,https://github.com/pytorch/tutorials,SUCCESS,Pip/Poetry,True,GitHub Actions,6f54c88d360297fb255eb31bdaf710cc9a50b3fd,2024-12-30T19:53:16Z
pytorch/vision,Python,17501,https://github.com/pytorch/vision,FAILURE,Pip/Poetry,True,GitHub Actions,86716c093f9717c6b7a4169583d05f6754650c5e,2025-01-21T16:54:09Z
Lightning-AI/pytorch-lightning,Python,30826,https://github.com/Lightning-AI/pytorch-lightning,SUCCESS,Pip/Poetry,True,GitHub Actions,3627c5bfac704d44c0d055a2cdf6f3f9e3f9e8c1,2024-11-04T17:33:48Z
pytransitions/transitions,Python,6408,https://github.com/pytransitions/transitions,SUCCESS,Pip/Poetry,True,GitHub Actions,8f6ca5f4ca268dd154f0a968d3861afada10430b,2025-03-25T12:37:14Z
pywinauto/pywinauto,Python,5900,https://github.com/pywinauto/pywinauto,FAILURE,Setup.py,True,GitHub Actions,634ef0e58e43b6634079f456709a19e80a83bf9b,2025-09-21T15:35:14Z
Qiskit/qiskit,Python,7025,https://github.com/Qiskit/qiskit,SUCCESS,Pip/Poetry,True,GitHub Actions,136aaff14fb53f68e31029a51e9aaddb1b4cad15,2025-01-06T08:01:01Z
Qix-/better-exceptions,Python,4720,https://github.com/Qix-/better-exceptions,SUCCESS,Setup.py,True,GitHub Actions,5b54297ebdeb7699733daf73bfadc38c23becde8,2025-10-22T11:49:35Z
qtile/qtile,Python,5224,https://github.com/qtile/qtile,FAILURE,Pip/Poetry,True,GitHub Actions,df40c647f824c1107c264803c4624ca5d095204c,2025-10-24T12:28:20Z
kedro-org/kedro,Python,10756,https://github.com/kedro-org/kedro,SUCCESS,Pip/Poetry,True,GitHub Actions,c6bc8d5a94ff6b4b8c730deb9098c5f3c5a03aa8,2025-01-09T13:23:04Z
quantumlib/Cirq,Python,4865,https://github.com/quantumlib/Cirq,SUCCESS,Pip/Poetry,True,GitHub Actions,e446d74db7ca794ca1b2ff6a64f3824364f8b3f3,2024-12-28T16:11:44Z
qutebrowser/qutebrowser,Python,11268,https://github.com/qutebrowser/qutebrowser,FAILURE,Pip/Poetry,True,GitHub Actions,322977dc0d439f26a09063afcaca5faaf414550d,2025-01-27T15:15:28Z
r0x0r/pywebview,Python,5713,https://github.com/r0x0r/pywebview,SUCCESS,Pip/Poetry,True,GitHub Actions,aa5d56f8d5b2b8cc1ebbe1f0504816ac8ecce931,2025-01-19T21:07:40Z
rafalp/Misago,Python,2708,https://github.com/rafalp/Misago,SUCCESS,Pip/Poetry,True,GitHub Actions,0e538c130baafc883370f760cf7bad9651599d76,2024-12-17T10:30:52Z
ranger/ranger,Python,16847,https://github.com/ranger/ranger,FAILURE,Pip/Poetry,True,GitHub Actions,c05e97b37f32f16eded7e1337cdf2c33ddf18827,2024-12-31T14:49:57Z
Rapptz/discord.py,Python,15909,https://github.com/Rapptz/discord.py,SUCCESS,Pip/Poetry,True,GitHub Actions,fcd9239b33d18596fc90e166393fffd98a9487c4,2025-01-15T23:01:47Z
piskvorky/gensim,Python,16354,https://github.com/piskvorky/gensim,FAILURE,Pip/Poetry,True,GitHub Actions,5b9c76c48b9097b8a46eed1f75474ad3f8a31e4e,2025-08-22T18:53:05Z
piskvorky/smart_open,Python,3431,https://github.com/piskvorky/smart_open,SUCCESS,Pip/Poetry,True,GitHub Actions,fba9ee50ae314c4fc05f419fcea096e0f8295452,2025-02-28T04:37:45Z
RasaHQ/rasa,Python,21032,https://github.com/RasaHQ/rasa,SUCCESS,Pip/Poetry,True,GitHub Actions,66296b28b34f3400e55e61d5360c6c722427d004,2025-01-10T08:29:55Z
rasbt/mlxtend,Python,5111,https://github.com/rasbt/mlxtend,SUCCESS,Pip/Poetry,True,GitHub Actions,71f2531461e63e0bcab870b4eac44c4fb05b7899,2025-01-25T23:38:57Z
raspberrypi/documentation,Python,5529,https://github.com/raspberrypi/documentation,NO_CI,Pip/Poetry,True,GitHub Actions,4fff62c807c31b491e1948f138af564cd1548aa1,2024-12-30T23:13:51Z
ray-project/ray,Python,41212,https://github.com/ray-project/ray,PENDING,Pip/Poetry,True,GitHub Actions,46e0bbec4aae7694038c778e70ac56f0bfc7d10f,2025-08-08T19:20:25Z
ReactiveX/RxPY,Python,5011,https://github.com/ReactiveX/RxPY,SUCCESS,Pip/Poetry,True,GitHub Actions,28dd52cf4de3090393624f94c6fc8c21bdb6d86c,2025-03-18T19:09:51Z
readthedocs/readthedocs.org,Python,8317,https://github.com/readthedocs/readthedocs.org,SUCCESS,Pip/Poetry,True,GitHub Actions,882ebdb479375f295d37cc67f474a61638524697,2025-01-02T12:25:42Z
ricequant/rqalpha,Python,6148,https://github.com/ricequant/rqalpha,SUCCESS,Pip/Poetry,True,GitHub Actions,c762c924cd75a951002fde2d1272e36a32e58c91,2024-12-25T09:38:08Z
robotframework/robotframework,Python,11405,https://github.com/robotframework/robotframework,FAILURE,Pip/Poetry,True,GitHub Actions,cad97af4539874074ef9a9aa0fa9a63f0d41b459,2024-12-30T23:54:43Z
rocky/python-uncompyle6,Python,4217,https://github.com/rocky/python-uncompyle6,SUCCESS,Pip/Poetry,True,GitHub Actions,2ba8bf13f7dd31dc880cc57e4e7f7fa5d0ee3f5e,2025-06-08T02:53:48Z
ross/requests-futures,Python,2229,https://github.com/ross/requests-futures,NO_CI,Pip/Poetry,True,GitHub Actions,065204e9e0abd41f1ac52c91720fcb03ddd2c6a1,2025-01-07T20:29:20Z
rougier/numpy-100,Python,13782,https://github.com/rougier/numpy-100,NO_CI,Pip/Poetry,True,GitHub Actions,00b93cbb232b12a080c711b60cb1b588e9fc0b2a,2025-04-09T14:22:39Z
rq/rq,Python,10575,https://github.com/rq/rq,SUCCESS,Pip/Poetry,True,GitHub Actions,2dee3f292d33d8f24e8d6e2d41af949a7cc0bbbd,2024-12-26T01:19:42Z
rushter/MLAlgorithms,Python,10946,https://github.com/rushter/MLAlgorithms,SUCCESS,Pip/Poetry,True,GitHub Actions,8fb8bb4282f37ad797052930dc12d0faace7bdb6,2025-06-15T21:18:12Z
pyg-team/pytorch_geometric,Python,23466,https://github.com/pyg-team/pytorch_geometric,SUCCESS,Pip/Poetry,True,GitHub Actions,5ea6aec8827eabf2a7569d32780ebf3510ba0f6e,2024-12-30T11:39:27Z
huggingface/pytorch-image-models,Python,36348,https://github.com/huggingface/pytorch-image-models,SUCCESS,Pip/Poetry,True,GitHub Actions,364c567dd28101fb93d6071d0bd498e762eb8508,2024-12-27T20:54:02Z
s3tools/s3cmd,Python,4861,https://github.com/s3tools/s3cmd,SUCCESS,Pip/Poetry,True,GitHub Actions,a5e25f1690db9a778f8e7dc94edc1b7e3e57f02c,2025-01-20T02:26:03Z
saltstack/salt,Python,15218,https://github.com/saltstack/salt,SUCCESS,Pip/Poetry,True,GitHub Actions,8870f2e2d7be013718492a8bbabed15feebe1af6,2024-12-27T19:27:20Z
sammchardy/python-binance,Python,7067,https://github.com/sammchardy/python-binance,FAILURE,Pip/Poetry,True,GitHub Actions,658f1fbca9d66aafcda1fffccff46ac5bb785d3a,2024-12-30T10:46:14Z
samuelclay/NewsBlur,Python,7295,https://github.com/samuelclay/NewsBlur,SUCCESS,Pip/Poetry,True,GitHub Actions,6f5d7c55a0efcc0164f843984964041335a3d00c,2024-12-31T03:02:48Z
pydantic/pydantic,Python,26757,https://github.com/pydantic/pydantic,FAILURE,Pip/Poetry,True,GitHub Actions,fac2bfdf0d0df1d107331caf73c22955b6295f27,2024-12-27T16:01:46Z
satwikkansal/wtfpython,Python,36895,https://github.com/satwikkansal/wtfpython,NO_CI,Pip/Poetry,True,GitHub Actions,e374a889e2005b7e4fff90172f5be5bed0114f3d,2025-02-28T06:05:27Z
saulpw/visidata,Python,8797,https://github.com/saulpw/visidata,FAILURE,Pip/Poetry,True,GitHub Actions,c836d6c1f75586d921a5236db88c534220788eae,2024-12-27T06:16:29Z
scikit-image/scikit-image,Python,6444,https://github.com/scikit-image/scikit-image,FAILURE,Pip/Poetry,True,GitHub Actions,69c82eda3ee4d6c6fa6f96d621575a6d6f8bbbff,2025-01-20T18:50:48Z
scikit-learn-contrib/imbalanced-learn,Python,7080,https://github.com/scikit-learn-contrib/imbalanced-learn,SUCCESS,Pip/Poetry,True,GitHub Actions,ca7e21de4f454c56d52b683ff3c5a05aabc65c34,2025-03-01T22:08:44Z
scikit-learn/scikit-learn,Python,64974,https://github.com/scikit-learn/scikit-learn,SUCCESS,Pip/Poetry,True,GitHub Actions,970503f839f44b4f78390e6069f8e13c0dd2f185,2024-12-24T11:24:17Z
scipy-lectures/scientific-python-lectures,Python,3192,https://github.com/scipy-lectures/scientific-python-lectures,SUCCESS,Pip/Poetry,True,GitHub Actions,ad4c255b9e4d6ebceb8e9a1a161e13cb4e224e4b,2025-01-09T17:58:27Z
scipy/scipy,Python,14443,https://github.com/scipy/scipy,FAILURE,Pip/Poetry,True,GitHub Actions,d374d4fb6d51ad6abbc9f9f1b32adb4c431652c3,2024-12-25T11:50:29Z
scrapy-plugins/scrapy-splash,Python,3242,https://github.com/scrapy-plugins/scrapy-splash,SUCCESS,Pip/Poetry,True,GitHub Actions,7053a6d9471b2cb6758d03c8b46a99517e5a2a60,2019-11-06T23:59:17Z
scrapy/scrapy,Python,59692,https://github.com/scrapy/scrapy,SUCCESS,Pip/Poetry,True,GitHub Actions,f7af7b282d6d3b36689cc192e6f78c065e32fb89,2024-12-29T11:45:26Z
scrapy/scrapyd,Python,3085,https://github.com/scrapy/scrapyd,SUCCESS,Pip/Poetry,True,GitHub Actions,957d817e400e1ef76e1d3cf55c5490914a5d5b69,2025-01-24T18:59:37Z
python-pendulum/pendulum,Python,6618,https://github.com/python-pendulum/pendulum,SUCCESS,Pip/Poetry,True,GitHub Actions,3205e9727cbdcb1e48d5d62f239d754447b5025d,2025-03-30T20:24:09Z
secdev/scapy,Python,12048,https://github.com/secdev/scapy,FAILURE,Pip/Poetry,True,GitHub Actions,42bc8ea479692ca4f05bf2fd024c04ab268fb35d,2024-12-28T12:21:46Z
fortra/impacket,Python,15443,https://github.com/fortra/impacket,SUCCESS,Pip/Poetry,True,GitHub Actions,06863aeca181b4dbb593ddb3b530e6aaf7d7ef70,2025-01-03T12:01:11Z
sensepost/objection,Python,8883,https://github.com/sensepost/objection,SUCCESS,Pip/Poetry,True,GitHub Actions,d0edeb06bddb9f5ef7316ac0bddc72f2d2432cbf,2025-03-20T13:25:08Z
SFTtech/openage,Python,14079,https://github.com/SFTtech/openage,FAILURE,Unknown,False,GitHub Actions,d6bf5b910ce0425d9cf9d9f1a991ebef1c937abc,2024-12-25T13:56:03Z
sherlock-project/sherlock,Python,72597,https://github.com/sherlock-project/sherlock,SUCCESS,Pip/Poetry,True,GitHub Actions,55f0628c2b1fce02da4ecae5646d329eeeb3963a,2025-01-19T19:39:45Z
simonw/datasette,Python,10745,https://github.com/simonw/datasette,FAILURE,Pip/Poetry,True,GitHub Actions,53a3b3c80e64fa3733196b1478e4a4fc60b08fd4,2025-02-04T22:49:52Z
SirVer/ultisnips,Python,7686,https://github.com/SirVer/ultisnips,SUCCESS,Unknown,False,GitHub Actions,79b063ac44eb5a9c28129bc3837fef789a3190fa,2025-03-09T19:32:40Z
skorokithakis/catt,Python,3629,https://github.com/skorokithakis/catt,SUCCESS,Pip/Poetry,True,GitHub Actions,4660f0423192497ce0a64424e23321d79c4ab7e1,2025-05-08T10:55:52Z
skulpt/skulpt,Python,3389,https://github.com/skulpt/skulpt,SUCCESS,Unknown,False,GitHub Actions,d70d1b61a3112f5f425c621807158b6528c23cea,2025-01-15T04:06:09Z
slackapi/python-slack-sdk,Python,3996,https://github.com/slackapi/python-slack-sdk,SUCCESS,Pip/Poetry,True,GitHub Actions,0d77f8d1434c14f591bc2a7f7e09f1023be35549,2024-12-29T20:31:45Z
sloria/doitlive,Python,3558,https://github.com/sloria/doitlive,SUCCESS,Pip/Poetry,True,GitHub Actions,891581bf3c50e2871a15010df447b9cb8570364e,2025-01-07T04:07:21Z
sloria/TextBlob,Python,9506,https://github.com/sloria/TextBlob,SUCCESS,Pip/Poetry,True,GitHub Actions,8df56427ff2f7772912413562e380ac42eb207c0,2025-01-13T22:59:29Z
smacke/ffsubsync,Python,7563,https://github.com/smacke/ffsubsync,SUCCESS,Pip/Poetry,True,GitHub Actions,95d526b5e62a3825152397f4c958b34e89e2b08c,2025-02-17T01:31:13Z
soimort/you-get,Python,56731,https://github.com/soimort/you-get,FAILURE,Pip/Poetry,True,GitHub Actions,51a7eb5efccb226576cd0d3a018bc3c1f19a1081,2024-12-29T11:36:44Z
sphinx-doc/sphinx,Python,7664,https://github.com/sphinx-doc/sphinx,FAILURE,Pip/Poetry,True,GitHub Actions,df3d94ffdad09cc2592caccd179004e31aa63227,2024-12-02T10:12:22Z
spotify/luigi,Python,18659,https://github.com/spotify/luigi,SUCCESS,Pip/Poetry,True,GitHub Actions,a0c6604f5887536f92ba5781c3cedcf29ace8391,2024-11-10T16:14:23Z
spulec/freezegun,Python,4489,https://github.com/spulec/freezegun,SUCCESS,Pip/Poetry,True,GitHub Actions,f9235ae8a00941f2d8a370717af2641a7bf268e9,2025-05-24T10:58:29Z
getmoto/moto,Python,8183,https://github.com/getmoto/moto,SUCCESS,Pip/Poetry,True,GitHub Actions,9a6298523fa66de97eadcb0e2be0d60480f45ef3,2024-12-25T15:37:25Z
spyder-ide/spyder,Python,9129,https://github.com/spyder-ide/spyder,SUCCESS,Pip/Poetry,True,GitHub Actions,235368ca61c9f7e52383756432a5ab15ce5d3e00,2024-12-27T16:49:13Z
sqlalchemy/sqlalchemy,Python,11488,https://github.com/sqlalchemy/sqlalchemy,SUCCESS,Pip/Poetry,True,GitHub Actions,c6be0c1f205cf83467d68eb40fb650b9274519f9,2024-12-26T11:09:40Z
sqlmapproject/sqlmap,Python,36566,https://github.com/sqlmapproject/sqlmap,SUCCESS,Unknown,False,GitHub Actions,fee62ae14c15e555662b1d1099304add3eff3b1c,2025-01-02T00:00:58Z
squidfunk/mkdocs-material,Python,26008,https://github.com/squidfunk/mkdocs-material,SUCCESS,Pip/Poetry,True,GitHub Actions,0b327bcf21b162305d8b5aa95bdba071a00dcd03,2024-12-27T17:49:46Z
sshuttle/sshuttle,Python,13082,https://github.com/sshuttle/sshuttle,SUCCESS,Pip/Poetry,True,GitHub Actions,b346e976eb79980fe7826b7e89be0f16bbc89b38,2025-01-22T20:54:18Z
StackStorm/st2,Python,6405,https://github.com/StackStorm/st2,FAILURE,Pip/Poetry,True,GitHub Actions,03a1e698a4c0c10d5fcb8ed93b08831cc16740ea,2025-02-04T15:46:32Z
stamparm/maltrail,Python,8233,https://github.com/stamparm/maltrail,NO_CI,Pip/Poetry,True,GitHub Actions,7b559670c084c29a81df49b925b742bfc063e626,2026-01-31T23:11:03Z
statsmodels/statsmodels,Python,11236,https://github.com/statsmodels/statsmodels,FAILURE,Pip/Poetry,True,GitHub Actions,ab3240f8672c377e173609e3b7663d8fc1340d7f,2025-01-02T03:08:34Z
stephenmcd/mezzanine,Python,4832,https://github.com/stephenmcd/mezzanine,SUCCESS,Pip/Poetry,True,GitHub Actions,52cf68cbb7c07380a1775a5642ea87da6ef2b146,2025-04-02T16:54:23Z
StevenBlack/hosts,Python,29808,https://github.com/StevenBlack/hosts,SUCCESS,Pip/Poetry,True,GitHub Actions,829a1b9ab1a65de95addee7f609475e6419ccf21,2024-12-26T22:03:52Z
streamlink/streamlink,Python,11268,https://github.com/streamlink/streamlink,SUCCESS,Pip/Poetry,True,GitHub Actions,6f9d9159c3995eda1880914f2b79cedf9df54b8b,2024-12-28T15:01:10Z
streamlit/streamlit,Python,43426,https://github.com/streamlit/streamlit,SUCCESS,Pip/Poetry,True,GitHub Actions,758d2ac5ec1367b8d1439e175e909de13b480450,2024-12-31T19:32:29Z
SublimeLinter/SublimeLinter,Python,2040,https://github.com/SublimeLinter/SublimeLinter,SUCCESS,Pip/Poetry,True,GitHub Actions,b71799c0b51fb0effd911794b4df1175e3a51ce3,2024-08-28T15:01:41Z
SublimeText-Markdown/MarkdownEditing,Python,3277,https://github.com/SublimeText-Markdown/MarkdownEditing,FAILURE,Pip/Poetry,True,GitHub Actions,a40a91bf3854bb14618d5afb1d4a9b1a568a5267,2025-02-08T10:35:44Z
Supervisor/supervisor,Python,8997,https://github.com/Supervisor/supervisor,SUCCESS,Setup.py,True,GitHub Actions,45da211aa6b3e043002df2e65ba3edd5ef5b9a2c,2025-01-19T22:57:37Z
swisskyrepo/PayloadsAllTheThings,Python,75080,https://github.com/swisskyrepo/PayloadsAllTheThings,SUCCESS,Unknown,False,GitHub Actions,ddad93a1d262578a938c11166ce70f6c8c866044,2025-01-14T21:26:29Z
sympy/sympy,Python,14368,https://github.com/sympy/sympy,SUCCESS,Pip/Poetry,True,GitHub Actions,0a5680a99102f954065c41577b35c499a71b2e3a,2024-12-14T02:22:17Z
SystemsApproach/book,Python,3290,https://github.com/SystemsApproach/book,SUCCESS,Pip/Poetry,True,GitHub Actions,3e957710a85c30e4e4e985ab9e6fc54e7a20b7f4,2025-04-07T19:29:14Z
taigaio/taiga-back,Python,808,https://github.com/taigaio/taiga-back,SUCCESS,Pip/Poetry,True,GitHub Actions,1f931a2999907956334eb745d0652ed5560f725e,2025-01-08T09:46:29Z
kennethreitz/responder,Python,3618,https://github.com/kennethreitz/responder,SUCCESS,Pip/Poetry,True,GitHub Actions,1b63d2943a02e88f0c2fdd91aa0cd845204614ea,2025-01-18T21:22:36Z
tartley/colorama,Python,3765,https://github.com/tartley/colorama,FAILURE,Pip/Poetry,True,GitHub Actions,28a951371c8246655d9b74ef7aa4c4d88a2415a6,2025-03-14T02:07:00Z
Tautulli/Tautulli,Python,6348,https://github.com/Tautulli/Tautulli,SUCCESS,Pip/Poetry,True,GitHub Actions,63fe386057bc315bc97e3cecf622c21ad9f6e6fd,2025-01-09T17:13:57Z
tensorflow/datasets,Python,4542,https://github.com/tensorflow/datasets,FAILURE,Pip/Poetry,True,GitHub Actions,606754a2167c725487043fa72c609c7ff43f41fb,2025-01-08T11:15:19Z
tensorflow/graphics,Python,2783,https://github.com/tensorflow/graphics,FAILURE,Pip/Poetry,True,GitHub Actions,8f60a9305ce3bd8ee271b3128b01326f20c5ad26,2024-08-01T02:26:24Z
tensorflow/models,Python,77695,https://github.com/tensorflow/models,FAILURE,Unknown,False,GitHub Actions,141990eed939ce66c2bed9e3894976856cb9616e,2024-12-19T08:53:49Z
TheAlgorithms/Python,Python,217597,https://github.com/TheAlgorithms/Python,SUCCESS,Pip/Poetry,True,GitHub Actions,eb652cf3d48fbd3b51450e95640ce5aec63a066b,2024-12-27T21:18:08Z
theskumar/python-dotenv,Python,8647,https://github.com/theskumar/python-dotenv,SUCCESS,Pip/Poetry,True,GitHub Actions,41593889b63bba7f6af22279968e88727ebf5d62,2025-03-09T17:57:31Z
thumbor/thumbor,Python,10457,https://github.com/thumbor/thumbor,SUCCESS,Pip/Poetry,True,GitHub Actions,2b7cb902b91c85c5bb9d31c874f7b103d7fff91f,2025-03-21T00:52:17Z
fastapi/fastapi,Python,94968,https://github.com/fastapi/fastapi,NO_CI,Pip/Poetry,True,GitHub Actions,b7367f2564b0e7cbee564a00e1a5ec458959ef32,2024-12-25T20:10:12Z
tiangolo/uwsgi-nginx-flask-docker,Python,3011,https://github.com/tiangolo/uwsgi-nginx-flask-docker,NO_CI,Unknown,False,GitHub Actions,88a36121ca71e0c9b7c6f6c1e7a9731afd46f0e2,2025-02-10T14:36:00Z
timbrel/GitSavvy,Python,1932,https://github.com/timbrel/GitSavvy,SUCCESS,Pip/Poetry,True,GitHub Actions,9e6119bc72ff0e475d72b0f219912cb5f4342ed1,2024-12-25T14:35:28Z
PyCQA/isort,Python,6903,https://github.com/PyCQA/isort,SUCCESS,Pip/Poetry,True,GitHub Actions,af02e0ee81a8084892b7e8db4df1cc5c2a1f95fd,2024-12-28T09:56:20Z
timqian/chinese-independent-blogs,Python,22757,https://github.com/timqian/chinese-independent-blogs,NO_CI,Unknown,False,GitHub Actions,aa2ed87ef49554829bf2a33633dc96a40eb399d4,2025-01-03T06:49:24Z
tmux-python/tmuxp,Python,4414,https://github.com/tmux-python/tmuxp,SUCCESS,Pip/Poetry,True,GitHub Actions,945a6cb04c1800dce8d26d505d91f19ad58708f3,2026-01-11T10:43:49Z
shapely/shapely,Python,4369,https://github.com/shapely/shapely,SUCCESS,Pip/Poetry,True,GitHub Actions,61909c1f6d90f44d5f17e747d1d40257778cab2f,2025-01-30T06:24:53Z
tomerfiliba/plumbum,Python,3020,https://github.com/tomerfiliba/plumbum,SUCCESS,Pip/Poetry,True,GitHub Actions,4351ce83c6136121eb314b2a34d1512d823c2f21,2025-03-14T18:02:08Z
prowler-cloud/prowler,Python,12959,https://github.com/prowler-cloud/prowler,FAILURE,Pip/Poetry,True,GitHub Actions,550165b42b258eb4bea3516399d48c58bfb86f5b,2024-12-26T12:31:20Z
tornadoweb/tornado,Python,22444,https://github.com/tornadoweb/tornado,NO_CI,Pip/Poetry,True,GitHub Actions,4070a2b1ee86a58bcd5bd4bab41fa4b1578438d1,2024-10-18T19:59:46Z
tqdm/tqdm,Python,30948,https://github.com/tqdm/tqdm,FAILURE,Pip/Poetry,True,GitHub Actions,14d72e2c18ba34363d629a43794a47513a9aa368,2026-01-30T16:27:35Z
trailofbits/algo,Python,30330,https://github.com/trailofbits/algo,SUCCESS,Pip/Poetry,True,GitHub Actions,346437fa6eb3a37b1be69268874784a73ab26e03,2024-07-18T00:55:42Z
trentm/python-markdown2,Python,2806,https://github.com/trentm/python-markdown2,SUCCESS,Setup.py,True,GitHub Actions,eed13f8eaa360d7e0499941a423a0c4371423e74,2024-12-27T18:03:34Z
Tribler/tribler,Python,5158,https://github.com/Tribler/tribler,NO_CI,Pip/Poetry,True,GitHub Actions,3fc4ad309562700b44f4110f237edc33e7d8b8a9,2025-01-07T09:48:40Z
tweepy/tweepy,Python,11111,https://github.com/tweepy/tweepy,SUCCESS,Pip/Poetry,True,GitHub Actions,f7ced8112a5926ecda1a0014855a4bd93b778e57,2025-01-15T05:02:02Z
twisted/twisted,Python,5940,https://github.com/twisted/twisted,SUCCESS,Pip/Poetry,True,GitHub Actions,765903bd5b8d8526a8da3ff7f595faf5d2ee5765,2024-10-16T08:48:19Z
Uberi/speech_recognition,Python,8942,https://github.com/Uberi/speech_recognition,SUCCESS,Setup.py,True,GitHub Actions,346ea8c045a817467daabd2dfdfadd398bac95c4,2024-12-28T04:51:32Z
canonical/microk8s,Python,9206,https://github.com/canonical/microk8s,NO_CI,Pip/Poetry,True,GitHub Actions,fb72180f2d6ef8aa2f5abde87a7f6f6fb44d4fd2,2024-12-10T16:43:07Z
Ultimaker/Cura,Python,6887,https://github.com/Ultimaker/Cura,FAILURE,Unknown,False,GitHub Actions,2ad64e13db5807ee88f0517c54c3e99ca769ae8a,2024-12-18T17:21:00Z
ultralytics/yolov3,Python,10552,https://github.com/ultralytics/yolov3,SUCCESS,Pip/Poetry,True,GitHub Actions,08239577e859d37c9589ab6d1eba5e0d8bb66bb0,2024-12-25T19:44:22Z
urllib3/urllib3,Python,4005,https://github.com/urllib3/urllib3,SUCCESS,Pip/Poetry,True,GitHub Actions,4eb7c11f027c740bb44a0af0000f220ce498752f,2024-12-28T22:43:41Z
urwid/urwid,Python,2987,https://github.com/urwid/urwid,SUCCESS,Pip/Poetry,True,GitHub Actions,ef2fcc42c8f07de675f4c515e3ea4661a93e435b,2024-12-30T08:40:27Z
vaexio/vaex,Python,8468,https://github.com/vaexio/vaex,SUCCESS,Setup.py,True,GitHub Actions,3b6b9141e029703c690436a9065c1ab457ac1c37,2025-09-01T08:35:57Z
viewflow/viewflow,Python,2854,https://github.com/viewflow/viewflow,SUCCESS,Setup.py,True,GitHub Actions,b33bd37ec9675e84e0e18a296627c1ec153491f6,2025-01-08T11:02:54Z
vinta/awesome-python,Python,282236,https://github.com/vinta/awesome-python,NO_CI,Pip/Poetry,True,GitHub Actions,e2405a687dab695754fe73d09d25858a3fa2b13d,2026-01-09T06:40:42Z
vispy/vispy,Python,3541,https://github.com/vispy/vispy,SUCCESS,Pip/Poetry,True,GitHub Actions,09b3f4dc38a16ce9619f428bb768b068bea1f649,2025-01-20T21:20:11Z
vnpy/vnpy,Python,36327,https://github.com/vnpy/vnpy,FAILURE,Pip/Poetry,True,GitHub Actions,61d56da2b95176a1807a8b70424f89feac108c24,2024-12-26T04:29:21Z
voila-dashboards/voila,Python,5894,https://github.com/voila-dashboards/voila,FAILURE,Pip/Poetry,True,GitHub Actions,9982c78931fd5fbab60b4edc5f00cb353665c9a2,2024-10-22T09:22:04Z
Vonng/ddia,Python,22592,https://github.com/Vonng/ddia,SUCCESS,Unknown,False,GitHub Actions,988f3aa0b0d40bc219a8e36c0be4dae6ed14c0bd,2025-02-21T02:00:26Z
vyperlang/vyper,Python,5169,https://github.com/vyperlang/vyper,FAILURE,Pip/Poetry,True,GitHub Actions,7caa05590a4c8788b01795d3e18a7aefe1183ebf,2024-12-26T20:28:59Z
wagtail/wagtail,Python,20129,https://github.com/wagtail/wagtail,SUCCESS,Pip/Poetry,True,GitHub Actions,cc1805dc86234954ae52d853b8283dfcfb266183,2024-11-01T12:10:53Z
magic-wormhole/magic-wormhole,Python,22319,https://github.com/magic-wormhole/magic-wormhole,SUCCESS,Pip/Poetry,True,GitHub Actions,835fe2cd8f26791c51560a9edac10da44b902de9,2024-11-20T21:29:11Z
sublimehq/package_control,Python,4870,https://github.com/sublimehq/package_control,NO_CI,Unknown,False,GitHub Actions,ab8e10e8e83f10da8dc07eb5504e89ae9ed6b8b2,2025-03-07T17:04:01Z
WeblateOrg/weblate,Python,5732,https://github.com/WeblateOrg/weblate,FAILURE,Pip/Poetry,True,GitHub Actions,bc205f8fc1d231268e552245be09979b94c2beb6,2026-02-14T20:07:23Z
webpy/webpy,Python,5934,https://github.com/webpy/webpy,SUCCESS,Pip/Poetry,True,GitHub Actions,25dc267de814a5570af7758889f0d9ce86449933,2025-01-06T14:03:22Z
websocket-client/websocket-client,Python,3703,https://github.com/websocket-client/websocket-client,SUCCESS,Setup.py,True,GitHub Actions,729bdb8fc063397d298261ed6f2288f272b7f6de,2025-10-04T16:13:35Z
wee-slack/wee-slack,Python,2595,https://github.com/wee-slack/wee-slack,SUCCESS,Pip/Poetry,True,GitHub Actions,5d6bc5278e5b1c371d6c170f63e3412d74519191,2024-11-17T19:34:27Z
wireservice/csvkit,Python,6342,https://github.com/wireservice/csvkit,SUCCESS,Pip/Poetry,True,GitHub Actions,c327a1bb46910414366b4b7e79f18faca0e82604,2025-02-06T17:25:25Z
wsvincent/awesome-django,Python,10963,https://github.com/wsvincent/awesome-django,SUCCESS,Pip/Poetry,True,GitHub Actions,8a0efb2c7121becc216d6853204a41a95a9f22f8,2024-12-28T19:38:38Z
xhtml2pdf/xhtml2pdf,Python,2374,https://github.com/xhtml2pdf/xhtml2pdf,FAILURE,Pip/Poetry,True,GitHub Actions,4b3917cd2db27ce8c0d3a7f54a20a73b81020804,2023-11-20T16:47:28Z
xiaolai/regular-investing-in-box,Python,6002,https://github.com/xiaolai/regular-investing-in-box,SUCCESS,Unknown,False,GitHub Actions,e45104f2b5c95fd43a1530eefdaad09aab983e0b,2024-12-25T15:55:46Z
xlwings/xlwings,Python,3306,https://github.com/xlwings/xlwings,SUCCESS,Pip/Poetry,True,GitHub Actions,bb1ccadf45aa7e84bcd03766e1a83a52444f4f19,2025-01-09T10:24:31Z
xonsh/xonsh,Python,9220,https://github.com/xonsh/xonsh,SUCCESS,Pip/Poetry,True,GitHub Actions,ad4ec323079a330d49cac95df7e7c8c7089f0320,2025-01-13T16:54:31Z
XX-net/XX-Net,Python,33428,https://github.com/XX-net/XX-Net,SUCCESS,Pip/Poetry,True,GitHub Actions,55c7697f2379035f9c2ba3c053bd940c87ffde18,2025-04-08T22:17:05Z
yaml/pyyaml,Python,2847,https://github.com/yaml/pyyaml,SUCCESS,Pip/Poetry,True,GitHub Actions,d51d8a138f7230834fc6e95635ff09ebd329185f,2025-09-25T18:13:58Z
ycm-core/YouCompleteMe,Python,26343,https://github.com/ycm-core/YouCompleteMe,FAILURE,Unknown,False,GitHub Actions,19fa3c897e2156dac6fedc0c93f58ca8f7412cf0,2024-12-12T18:01:09Z
ytdl-org/youtube-dl,Python,139645,https://github.com/ytdl-org/youtube-dl,FAILURE,Setup.py,True,GitHub Actions,176fc2cb003b7a74f5781a64a4e1ce32e740c149,2024-12-31T14:51:29Z
yzhao062/pyod,Python,9708,https://github.com/yzhao062/pyod,SUCCESS,Pip/Poetry,True,GitHub Actions,e9d09c2b3258c68c2d6ebeb8db2aac36d43e86da,2024-12-22T09:46:56Z
spec-first/connexion,Python,4577,https://github.com/spec-first/connexion,SUCCESS,Pip/Poetry,True,GitHub Actions,1844a2fb3f1d09a37edfeab7a7200d52e97abbd9,2024-12-11T10:57:11Z
patroni/patroni,Python,8148,https://github.com/patroni/patroni,SUCCESS,Pip/Poetry,True,GitHub Actions,26ae38960aaa51a0b6e33ec1fd3cdf3039001e04,2025-01-17T13:44:47Z
zeromq/pyzmq,Python,4091,https://github.com/zeromq/pyzmq,FAILURE,Pip/Poetry,True,GitHub Actions,d29dc4a3116c6c3be66f538a1d0c1d39c19618f5,2024-10-22T10:00:49Z
zulip/zulip,Python,24554,https://github.com/zulip/zulip,FAILURE,Pip/Poetry,True,GitHub Actions,caad601c7b626991101b7904d51fdcf2fe499687,2026-02-18T01:28:56Z
Zulko/moviepy,Python,14325,https://github.com/Zulko/moviepy,SUCCESS,Pip/Poetry,True,GitHub Actions,4d469c4efe6b7dfd53bbe529ebf8594ec3f3286b,2025-01-05T21:43:13Z
